0,0.00500169,0.00500169,0.00266757,0.00266757,0.01067026,0.00333446,0.00166723,0.01033682,0.00600202,0.01000337,0.0036679,0.00733581,0.00333446,0.00200067,0.00433479,0.01000337,0.00933648,0.01100371,0.00133378,0.00500169,0.01983692,0.01902523,0.01924439,0.01936197,0.01821137,0.02031043,0.0190351,0.02013673,0.01960759,0.01964386,0.02034016,0.01997838,0.02001687,0.02028292,0.02142539,0.02050448,0.01954107,0.02032127,0.02133684,0.02182016,0.02100383,0.02135816,0.02056835,0.02014217,0.02157933,0.02059423,0.02083439,0.02088548,0.02067349,0.02082684,0.01969124,0.02039227,0.02024961,0.02078718,0.01866382,0.02004336,0.02060771,0.02016547,0.02009673,0.01823473,0.01873015,0.01994546,0.01967757,0.01956194
1,0.0050708,0.0043947,0.00338054,0.00236638,0.00912745,0.00405664,0.00371859,0.00845134,0.00845134,0.01183188,0.00405664,0.0050708,0.00405664,0.00304248,0.00371859,0.00878939,0.00709913,0.01149382,0.00067611,0.0050708,0.01727416,0.01930927,0.01830274,0.0194408,0.02056506,0.01939951,0.01766495,0.01944335,0.0203039,0.01986351,0.01981823,0.02085537,0.02050053,0.02097549,0.02131532,0.02213043,0.02108416,0.01982348,0.02108879,0.02146184,0.02170992,0.0212125,0.020366,0.02033552,0.02115119,0.02168987,0.02211783,0.02073799,0.01989837,0.02109445,0.0191031,0.02128738,0.02069617,0.02173673,0.01938738,0.01968251,0.01948074,0.01877192,0.01902171,0.01950528,0.0205714,0.01847236,0.01932482,0.01809989
2,0.0116737,0.00280169,0.00210127,0.00396906,0.00560338,0.00887201,0.00210127,0.00350211,0.00303516,0.0126076,0.00186779,0.00256821,0.00653727,0.00233474,0.00677075,0.00980591,0.00466948,0.0063038,0.00303516,0.00373559,0.01914023,0.01909237,0.01892194,0.01745324,0.01882866,0.01886862,0.02008715,0.02055813,0.01985859,0.01944049,0.0196775,0.02088259,0.02009255,0.0205075,0.02141957,0.02009927,0.02013041,0.02116679,0.02097113,0.02102078,0.02093564,0.02109813,0.02079121,0.02020452,0.0211251,0.02202976,0.02041551,0.02125535,0.02120232,0.0206131,0.02017159,0.02063497,0.01978386,0.02043878,0.02155179,0.01953612,0.01961248,0.02121678,0.02084429,0.02072162,0.02095817,0.02040717,0.02065726,0.02168101
3,0.00861783,0.00340178,0.00226785,0.00566963,0.00362856,0.00657677,0.00045357,0.00430892,0.00544284,0.01224639,0.00272142,0.00340178,0.00703034,0.00294821,0.00725712,0.00793748,0.00793748,0.00589641,0.00294821,0.00362856,0.0188034,0.02013378,0.01842542,0.01782162,0.01922458,0.01997548,0.02015693,0.01905422,0.02087932,0.02062878,0.01986918,0.01973132,0.02007177,0.01954476,0.02065948,0.02014339,0.01984364,0.0196377,0.02032892,0.02138951,0.02119103,0.02153292,0.02151292,0.02003981,0.02049011,0.02116191,0.02156531,0.02015686,0.01971205,0.02100004,0.01970444,0.02005116,0.01954757,0.02141512,0.02041733,0.02132164,0.02030043,0.02135059,0.02156486,0.02116883,0.0213556,0.02099672,0.02074913,0.02104929
4,0.00824508,0.00334956,0.0043802,0.00386488,0.00463786,0.00515318,0.00154595,0.00953337,0.00798742,0.00901806,0.00334956,0.00901806,0.00618381,0.00309191,0.00360722,0.00979103,0.00979103,0.01107933,0.00231893,0.00412254,0.01751907,0.0198441,0.0180314,0.01856528,0.01868959,0.01926336,0.01880014,0.0192643,0.02044039,0.0205227,0.01972151,0.01967022,0.02060197,0.02038452,0.02061413,0.02041625,0.01906033,0.02018853,0.01907732,0.01999151,0.0212557,0.02168356,0.02063804,0.01991443,0.02116424,0.02038359,0.02079125,0.02043358,0.02001524,0.02083323,0.01998699,0.02084439,0.02051956,0.01981506,0.02035159,0.02017447,0.01979814,0.01963355,0.01950978,0.02057147,0.01973029,0.02007323,0.02060531,0.0205377
5,0.00808819,0.00225717,0.00432624,0.00413814,0.00564292,0.00507863,0.00169288,0.0071477,0.0071477,0.01053345,0.00244527,0.00545482,0.00470243,0.00432624,0.00489053,0.01147394,0.00921677,0.00639531,0.00263336,0.00338575,0.01750385,0.01956373,0.01946239,0.01823847,0.01945607,0.01921657,0.01916522,0.01916473,0.01996509,0.0206207,0.0204926,0.02086157,0.020048,0.01995177,0.02028594,0.02063645,0.02025629,0.02007876,0.0201961,0.02039419,0.0212727,0.02147842,0.02109677,0.02139001,0.02132116,0.02108248,0.02022981,0.02001106,0.01978232,0.0203899,0.02045213,0.02069901,0.01923557,0.0202424,0.02063829,0.02124486,0.02062835,0.02069404,0.02096837,0.02042235,0.02064785,0.0193477,0.02080155,0.01938696
6,0.01165224,0.00256349,0.00186436,0.00372872,0.00489394,0.00419481,0.00116522,0.00652526,0.00582612,0.01002093,0.00302958,0.00605917,0.00815657,0.00349567,0.00629221,0.00769048,0.00908875,0.00978788,0.0020974,0.00349567,0.01823391,0.02032135,0.01910116,0.01904008,0.0186207,0.01938621,0.01935069,0.01937714,0.02007013,0.01985228,0.02003025,0.02001191,0.02022348,0.01959575,0.02112953,0.02162617,0.01964694,0.01963165,0.02146688,0.02080034,0.0207902,0.02199497,0.0209817,0.0210976,0.0216238,0.02045107,0.020434,0.02036575,0.02070577,0.02044965,0.020541,0.02105634,0.02008115,0.01886694,0.01989562,0.02023858,0.02014678,0.01990088,0.01965361,0.0205652,0.01886252,0.0215538,0.02129611,0.01930197
7,0.00865356,0.00342118,0.00321993,0.00523239,0.00342118,0.00402491,0.00160997,0.00563488,0.00764734,0.01046478,0.0022137,0.00462865,0.00603737,0.00342118,0.00583612,0.00825107,0.00865356,0.00764734,0.00261619,0.00442741,0.01852576,0.0197492,0.01989877,0.01904262,0.01930788,0.02071836,0.02106975,0.01931835,0.02018294,0.02103296,0.02095428,0.02063545,0.01993514,0.02124705,0.02076838,0.02089041,0.01977953,0.01998414,0.02071725,0.02122602,0.02106523,0.02069119,0.02111611,0.02026669,0.0206523,0.02053567,0.02147761,0.02071588,0.01987982,0.01955026,0.02052781,0.02036911,0.01961771,0.02018338,0.02076652,0.02126707,0.02000949,0.0206541,0.01946747,0.0197906,0.02079756,0.01885018,0.02022521,0.01947608
8,0.00627767,0.0037666,0.00219719,0.00313884,0.00973039,0.00502214,0.00219719,0.01004428,0.00470825,0.013497,0.00251107,0.00470825,0.00345272,0.00502214,0.00470825,0.00690544,0.00659156,0.00878874,0.00156942,0.0056499,0.01835333,0.01961186,0.01813295,0.01800489,0.01962101,0.01948606,0.02003014,0.02017319,0.01866782,0.02062706,0.02018123,0.01975192,0.02006465,0.02081066,0.02059796,0.01985953,0.02140268,0.02189407,0.02168618,0.02209228,0.02360614,0.02092308,0.02083478,0.02175149,0.02222746,0.02130824,0.02050818,0.02028186,0.02079561,0.02159207,0.01938309,0.02025336,0.02032051,0.02089479,0.01954227,0.02007161,0.02114569,0.0193259,0.01905398,0.01947154,0.0191303,0.01855826,0.01965295,0.01783031
9,0.01319722,0.00143448,0.00086069,0.00258207,0.00516413,0.00831999,0.00143448,0.00315586,0.00229517,0.01692687,0.00200827,0.00258207,0.00459034,0.00172138,0.0077462,0.00975447,0.00487724,0.00889378,0.00143448,0.00200827,0.0181825,0.01998097,0.01782657,0.01881236,0.01889654,0.01805742,0.0195509,0.02046862,0.01930808,0.01930616,0.02048059,0.02128589,0.02195402,0.02001093,0.0199145,0.02241216,0.02134831,0.02222227,0.02225847,0.02134479,0.02023971,0.02214721,0.02167936,0.02212189,0.02239376,0.02125653,0.02049763,0.02271703,0.02016795,0.02014009,0.02089353,0.02041656,0.02049041,0.02121817,0.0188655,0.01868497,0.02231342,0.02107967,0.02085807,0.01907537,0.01860274,0.02037317,0.02045644,0.01870129
10,0.00799676,0.00305759,0.00564477,0.00352798,0.00658557,0.00493918,0.00305759,0.00893756,0.00564477,0.01246554,0.00376318,0.00399838,0.00376318,0.00329278,0.00470398,0.00940796,0.00682077,0.00893756,0.00117599,0.00329278,0.0196768,0.02017977,0.01834802,0.01871021,0.0195771,0.02010895,0.01857418,0.02013895,0.02007601,0.01981104,0.01969684,0.0202262,0.02102896,0.02071993,0.02019948,0.02069061,0.02105119,0.0210015,0.02067244,0.02049222,0.02068204,0.02206237,0.02093185,0.0216482,0.02172759,0.0217982,0.02044365,0.01958148,0.01960515,0.0199669,0.02120566,0.01882426,0.01866982,0.01972884,0.0204805,0.02060572,0.01965465,0.01944827,0.01973744,0.01972697,0.02021189,0.02066534,0.02074307,0.01985584
11,0.01097523,0.00308678,0.00308678,0.00377274,0.00651654,0.00411571,0.00171488,0.01063225,0.00514464,0.01406201,0.00308678,0.00411571,0.00754547,0.00274381,0.00411571,0.00617357,0.00342976,0.01097523,0.00240083,0.00411571,0.01928471,0.018563,0.01858721,0.01880686,0.01886962,0.01823931,0.01995235,0.01900894,0.02050963,0.01934234,0.0205095,0.01918865,0.02011204,0.02020729,0.01965665,0.02005347,0.02032741,0.02046282,0.02077022,0.02073551,0.02201068,0.02224537,0.02155581,0.02175943,0.02151763,0.0209435,0.02182109,0.02189338,0.02006917,0.01998387,0.01955251,0.01945769,0.02119092,0.02134701,0.02168906,0.0199622,0.01901209,0.01972756,0.01988466,0.0198136,0.01985397,0.02041682,0.01936045,0.01993382
12,0.01148888,0.00410317,0.0024619,0.00410317,0.00547089,0.00930052,0.00300899,0.0079328,0.0024619,0.01367724,0.00218836,0.0049238,0.00656507,0.00437672,0.00519735,0.00711216,0.00382963,0.00957406,0.00191481,0.00300899,0.01917633,0.0180033,0.01913056,0.01798592,0.01805975,0.01946377,0.01917137,0.01894834,0.01980175,0.01898071,0.01955922,0.02072987,0.01856672,0.02050024,0.01971951,0.01985123,0.0206778,0.01903462,0.02055831,0.02011201,0.02066165,0.02095564,0.02117046,0.021006,0.02102435,0.0210661,0.02204036,0.0201546,0.02058982,0.02169307,0.01967041,0.02118007,0.02054029,0.02076555,0.02165514,0.0207776,0.02007151,0.02126043,0.02050375,0.02103603,0.02003121,0.02069031,0.02043551,0.02028837
13,0.01270492,0.0049408,0.00317623,0.0024704,0.00670538,0.00670538,0.00176457,0.00670538,0.00352914,0.01588115,0.00282332,0.00564663,0.00458789,0.00388206,0.00423497,0.00599955,0.00705829,0.01235201,0.00176457,0.00423497,0.01872495,0.01820068,0.01933825,0.01751517,0.01905426,0.01965342,0.01976497,0.01885186,0.01827165,0.01992885,0.01912162,0.01947107,0.0197375,0.02013303,0.02180603,0.02123824,0.02004768,0.01987557,0.02039723,0.02115919,0.02183045,0.02244638,0.02037441,0.02164195,0.02146858,0.02099685,0.02020895,0.02170764,0.0194318,0.02063667,0.01990464,0.02026797,0.02029165,0.02037654,0.02032098,0.0212784,0.02011324,0.01979807,0.02064988,0.01858424,0.01885228,0.01949138,0.01996044,0.01990781
14,0.00666098,0.00370054,0.00222033,0.00296044,0.00777114,0.0040706,0.00222033,0.01073158,0.00518076,0.01776261,0.00518076,0.00555082,0.00333049,0.00111016,0.00370054,0.00925136,0.00740109,0.01110163,0.00185027,0.00592087,0.01881636,0.01754806,0.01872241,0.01900383,0.01984031,0.01756691,0.01973674,0.01851581,0.01987981,0.01999547,0.01874413,0.01992894,0.02037954,0.02027264,0.02075784,0.02035793,0.01985549,0.02036827,0.02137054,0.02070155,0.02143365,0.02133063,0.02163939,0.02181048,0.02030025,0.02088529,0.02057902,0.02082455,0.01939104,0.02033728,0.0199903,0.01959175,0.01937258,0.0202209,0.02063706,0.02138247,0.02052991,0.02054942,0.01975277,0.01949356,0.01911772,0.02056291,0.0195002,0.020727
15,0.01254545,0.00304675,0.00286753,0.00465974,0.00483896,0.0112909,0.00161299,0.00268831,0.00286753,0.00967791,0.00143377,0.00161299,0.00645194,0.00179221,0.00806493,0.00878181,0.00394285,0.01057402,0.00161299,0.00215065,0.018312,0.01842124,0.01874456,0.01881807,0.02024837,0.01954874,0.01901317,0.01864439,0.01826415,0.02038206,0.02008991,0.02046147,0.02005961,0.01994967,0.02033698,0.01922714,0.01939823,0.02070509,0.02069779,0.02111229,0.02157445,0.02150883,0.02063675,0.02011676,0.02055994,0.02196107,0.02052682,0.02198172,0.020706,0.02120459,0.02080943,0.01944519,0.01973645,0.02119179,0.02151283,0.02163542,0.02172017,0.02187718,0.02172821,0.02077449,0.02064871,0.02139923,0.02014939,0.02164542
16,0.00836213,0.00318557,0.00338467,0.00378287,0.00537566,0.00856123,0.00139369,0.00537566,0.00477836,0.0123441,0.00139369,0.00398197,0.00756574,0.00159279,0.00696844,0.00935762,0.00537566,0.00617205,0.00179189,0.00278738,0.01797193,0.01881917,0.01864274,0.01834947,0.01841774,0.01964073,0.0199691,0.02085846,0.01954974,0.02056883,0.02088711,0.02031474,0.01991268,0.0200865,0.02025049,0.02060253,0.0203846,0.02047007,0.01959327,0.02033793,0.02145574,0.02148132,0.02025434,0.02027589,0.02043568,0.02060746,0.02049151,0.02028325,0.02052729,0.02122642,0.02030774,0.02001448,0.01952971,0.02151462,0.02157603,0.02168109,0.02078343,0.02194776,0.02102222,0.02128373,0.02147536,0.02007304,0.02137819,0.0212147
17,0.00651719,0.00465513,0.00279308,0.00372411,0.00581892,0.00721546,0.00256032,0.00791373,0.00581892,0.01117232,0.00186205,0.00302584,0.00581892,0.00325859,0.0053534,0.01070681,0.0053534,0.01000854,0.0016293,0.00325859,0.01911404,0.01909213,0.01915146,0.01879349,0.02064172,0.01916774,0.02029636,0.02013021,0.01875594,0.01977111,0.02036411,0.01986423,0.02070357,0.02027098,0.02036752,0.02059218,0.02052515,0.0209773,0.02015858,0.02107919,0.022414,0.0208897,0.02109571,0.02069048,0.01982767,0.02099741,0.02085975,0.02015438,0.02015641,0.02063883,0.02117181,0.02028064,0.01837728,0.02003813,0.02121842,0.02114559,0.01921198,0.02090634,0.01992714,0.01997966,0.02103882,0.01963027,0.0204601,0.02060782
18,0.00999214,0.00238943,0.00282387,0.00456163,0.00564773,0.00977492,0.00065166,0.00651662,0.00369275,0.00825438,0.0010861,0.00282387,0.00890604,0.00260665,0.00825438,0.00651662,0.00499607,0.00695106,0.00195498,0.00260665,0.01792277,0.01845875,0.01857181,0.01879343,0.01941951,0.02032797,0.01909124,0.01933954,0.01856038,0.02022266,0.02211628,0.01966448,0.02148837,0.02027638,0.02076569,0.02044104,0.01976964,0.0198182,0.02168724,0.02218223,0.02109714,0.02166573,0.02103751,0.0201315,0.02025905,0.02100183,0.02165544,0.0224849,0.02080223,0.02069588,0.02053443,0.02236861,0.02073301,0.0207559,0.02276529,0.02062158,0.02052859,0.01940368,0.02011432,0.02099368,0.01901433,0.02056388,0.01928972,0.02155662
19,0.01059219,0.00315512,0.00225366,0.00631024,0.00518341,0.00721171,0.00135219,0.00653561,0.00315512,0.01059219,0.00045073,0.00247902,0.00698634,0.00473268,0.00721171,0.00721171,0.00428195,0.00608488,0.00270439,0.00292976,0.01736939,0.0181923,0.01803669,0.01738094,0.01852428,0.02004804,0.01963014,0.01955749,0.01999962,0.02164069,0.02106438,0.02041601,0.02132683,0.02100315,0.02314071,0.02082507,0.02130615,0.02125712,0.02252936,0.02248341,0.02170054,0.02333388,0.02187714,0.02109892,0.02048069,0.02167705,0.02127437,0.02030609,0.02038588,0.0220372,0.0208583,0.02125462,0.02058028,0.01949967,0.02056376,0.0208218,0.01925138,0.02027042,0.01976199,0.01886044,0.01896786,0.01888211,0.01955913,0.01955011
20,0.01399126,0.00254386,0.00211989,0.00317983,0.0057237,0.00996347,0.00063597,0.00339182,0.00169591,0.00847955,0.00105994,0.00254386,0.00551171,0.00233188,0.00975148,0.00826756,0.00317983,0.00869154,0.00169591,0.00317983,0.01651319,0.01884884,0.01879578,0.01867709,0.01926734,0.0202398,0.01938317,0.01868184,0.01885413,0.01820577,0.02034867,0.01948308,0.02050508,0.01957901,0.01974747,0.02075949,0.0201337,0.02027742,0.02158367,0.02193583,0.02249478,0.02188085,0.021402,0.02192195,0.0195549,0.02118377,0.02120842,0.02149892,0.02229656,0.02237888,0.02173052,0.02055195,0.0210104,0.02091643,0.02105691,0.02213361,0.02175005,0.02254907,0.02127915,0.01972519,0.01968183,0.02074955,0.02053321,0.02075192
21,0.01437524,0.00348491,0.00435613,0.0032671,0.00479175,0.00675201,0.00087123,0.00392052,0.00239587,0.01154376,0.00174245,0.00239587,0.01023692,0.00174245,0.00805885,0.00784104,0.00392052,0.00805885,0.00217807,0.00196026,0.01808652,0.01947218,0.0183509,0.01921256,0.01944822,0.01983469,0.01953005,0.01930385,0.01933207,0.01911851,0.02015026,0.0197214,0.02083013,0.02002706,0.01999513,0.02021574,0.02105741,0.02120967,0.02197949,0.0213587,0.02185825,0.02059822,0.02223207,0.02119067,0.02163054,0.02118247,0.02034061,0.02025622,0.02096793,0.02190585,0.0205393,0.02006626,0.01984397,0.02056381,0.01995613,0.02114714,0.0206934,0.019607,0.02025304,0.02142126,0.02077491,0.01959563,0.02063404,0.02061295
22,0.00656557,0.0034141,0.00420196,0.00472721,0.00656557,0.00709081,0.00288885,0.00814131,0.00420196,0.01024229,0.00262623,0.0057777,0.00315147,0.00525246,0.00472721,0.00761606,0.00604032,0.00945442,0.00210098,0.00367672,0.01909974,0.01954256,0.01957722,0.01893134,0.01928109,0.01940407,0.01906932,0.02025047,0.02025881,0.01841481,0.02014454,0.01984501,0.02121129,0.02024938,0.02099837,0.02074513,0.02149275,0.02090465,0.02106199,0.02118429,0.02245184,0.02134089,0.02128264,0.01970474,0.02107921,0.02070361,0.02152554,0.01969022,0.02078464,0.02146564,0.02013446,0.01943963,0.02017693,0.01922636,0.02020813,0.02045296,0.02030438,0.02007467,0.01998364,0.01965921,0.0201983,0.01929235,0.02061158,0.02007841
23,0.01548179,0.00419845,0.00183682,0.00288644,0.00393605,0.00682248,0.00104961,0.00157442,0.0002624,0.01574419,0.00183682,0.00314884,0.01128334,0.00157442,0.0081345,0.00708489,0.00577287,0.00944652,0.00314884,0.00183682,0.01938998,0.02048544,0.01922474,0.01924182,0.019343,0.02021679,0.02011816,0.01832504,0.01883133,0.01890553,0.01925547,0.01992268,0.02013206,0.02065813,0.01996147,0.01971187,0.02043096,0.02058058,0.0208661,0.02088174,0.02141015,0.02134283,0.02012379,0.02017535,0.02094548,0.02132863,0.0216372,0.02039103,0.02062964,0.02137251,0.02088556,0.02076601,0.01979101,0.02063125,0.02140964,0.02163089,0.02013107,0.0200433,0.02115975,0.02023141,0.02084487,0.01932948,0.02028295,0.01996279
24,0.00975066,0.00400027,0.00375025,0.00425029,0.00675046,0.0045003,0.00175012,0.00950064,0.00475032,0.01025069,0.00225015,0.00525035,0.00525035,0.00225015,0.00500034,0.01175079,0.00725049,0.00850057,0.00225015,0.00250017,0.01938182,0.01926782,0.01864067,0.01929472,0.01965816,0.01958529,0.01969369,0.02026243,0.02103401,0.01853322,0.02022942,0.02064377,0.02031328,0.02104966,0.02045485,0.02137899,0.02065125,0.02074211,0.0206965,0.0214101,0.021493,0.0211015,0.02097646,0.01978021,0.02019696,0.02055369,0.01900824,0.02035679,0.01869587,0.02099881,0.02031081,0.02087913,0.01938832,0.01933649,0.01960098,0.02104503,0.01989082,0.02077128,0.01981037,0.01953627,0.02038283,0.01960881,0.02082524,0.02102279
25,0.00707825,0.00292893,0.00390524,0.00366116,0.00463747,0.00292893,0.00341709,0.00829864,0.00561378,0.01073941,0.00366116,0.00561378,0.00659009,0.0021967,0.00707825,0.00805456,0.00707825,0.00878679,0.00170854,0.00414932,0.01855195,0.0180804,0.0188298,0.01870322,0.01924419,0.01938145,0.02018796,0.01837527,0.01992656,0.01982336,0.02062847,0.02088159,0.02095221,0.02093902,0.02156524,0.02036149,0.02037612,0.01989313,0.02093233,0.02073716,0.02203249,0.02274422,0.02146081,0.02023569,0.02168997,0.02025849,0.02212414,0.0201031,0.02145413,0.02023682,0.02020391,0.01913725,0.02063929,0.01941071,0.0213,0.01981235,0.02084526,0.0197032,0.02109783,0.02013467,0.01912129,0.01956544,0.01988052,0.02031113
26,0.00842502,0.00449334,0.00224667,0.00337001,0.00477418,0.00645918,0.00224667,0.00505501,0.00365084,0.01376086,0.00224667,0.00449334,0.00561668,0.00421251,0.00617835,0.00898669,0.00842502,0.01151419,0.00140417,0.00477418,0.01871799,0.01829645,0.02013265,0.01930548,0.01916577,0.01943868,0.01988391,0.01942035,0.01996639,0.01905592,0.02083218,0.02023909,0.02187458,0.02060546,0.0222946,0.02059159,0.02159732,0.0194996,0.02053394,0.02026842,0.02028179,0.02172496,0.02138894,0.01982927,0.02007904,0.01983689,0.02061223,0.01957365,0.02057385,0.0197087,0.02009943,0.02078656,0.0196971,0.0205023,0.02004095,0.02040084,0.01988772,0.02017678,0.0196906,0.01999987,0.02107134,0.0213432,0.01931093,0.01932911
27,0.01607217,0.00553304,0.00447913,0.00158087,0.00342522,0.00895826,0.00052696,0.00210783,0.00105391,0.01370087,0.00158087,0.00289826,0.01317391,0.00289826,0.00922174,0.00606,0.00395217,0.0097487,0.00158087,0.00184435,0.01782079,0.01934498,0.01908497,0.01787288,0.01947919,0.0185118,0.02007685,0.0187107,0.01840585,0.01747206,0.01985556,0.01937611,0.02092954,0.02130826,0.02021486,0.01962441,0.01989349,0.02077113,0.02071839,0.02111458,0.02134738,0.0230098,0.02213565,0.02217132,0.02100788,0.02034894,0.02073363,0.0208793,0.02038538,0.0212939,0.02056155,0.02042635,0.02189989,0.02122263,0.01985855,0.01884009,0.01990562,0.01978547,0.02076874,0.02008632,0.02053105,0.02129427,0.02042612,0.02009638
28,0.01045381,0.00371691,0.00464614,0.00487845,0.00627229,0.00580767,0.00185846,0.00743382,0.00232307,0.00929228,0.00301999,0.00557537,0.00696921,0.00371691,0.00464614,0.00882766,0.00534306,0.00952458,0.0034846,0.00301999,0.01945342,0.01966849,0.01859674,0.018556,0.0188095,0.01907869,0.0191808,0.02012371,0.02069953,0.01937341,0.02079871,0.02011999,0.02079346,0.02006579,0.02076669,0.02142711,0.02011628,0.02097089,0.02105213,0.02126777,0.02203368,0.02141469,0.02094781,0.01906382,0.02065375,0.02043777,0.01996142,0.01927157,0.02041434,0.02109182,0.02053575,0.01880928,0.02001306,0.02028529,0.0202018,0.02089081,0.02043227,0.02027168,0.0204022,0.02045515,0.02016844,0.01992198,0.02079162,0.01980049
29,0.00718904,0.00312567,0.00375081,0.00218797,0.00875188,0.00375081,0.0018754,0.01281525,0.00718904,0.01437809,0.0028131,0.00562621,0.00531364,0.0018754,0.00406337,0.00781418,0.00625134,0.00656391,0.00156284,0.00531364,0.01858148,0.01879056,0.01771228,0.01862213,0.0206578,0.02089143,0.01909224,0.02002723,0.01986096,0.02028642,0.01844603,0.02055354,0.02020918,0.0202674,0.02061673,0.02052961,0.02028003,0.02165622,0.02234906,0.02066648,0.02156057,0.02086687,0.02162348,0.02098969,0.0212921,0.020485,0.02041341,0.02092476,0.0216593,0.02157853,0.02087366,0.02048877,0.0183029,0.02089079,0.01914791,0.0204908,0.01989983,0.01945969,0.02037069,0.01912037,0.01862448,0.01987787,0.02007967,0.01867046
30,0.00551378,0.00551378,0.00393842,0.0034133,0.00735171,0.0047261,0.00262561,0.0081394,0.00525122,0.0128655,0.00420098,0.00761427,0.00393842,0.0034133,0.0047261,0.00840196,0.00682659,0.00787684,0.00210049,0.00367586,0.01859266,0.01961553,0.01868928,0.01884736,0.01877611,0.02021478,0.01988891,0.02086872,0.02010478,0.01937046,0.01974341,0.0205891,0.02238574,0.01975533,0.02025131,0.01970761,0.02045537,0.02126832,0.0202778,0.02072841,0.02113438,0.02193831,0.02087254,0.02102978,0.02149578,0.01985684,0.02080676,0.02113279,0.02080733,0.02094456,0.02131916,0.02113915,0.01924152,0.02002044,0.01951952,0.01913172,0.01928033,0.01930106,0.01937551,0.01897699,0.02067317,0.02000152,0.01985832,0.01989789
31,0.00751202,0.00484646,0.00339252,0.00411949,0.00508879,0.00508879,0.00121162,0.00823899,0.00702737,0.01381242,0.00242323,0.00436182,0.00678505,0.00290788,0.00484646,0.00799666,0.00484646,0.00678505,0.00242323,0.00339252,0.0196217,0.01983272,0.01959639,0.01952027,0.01968956,0.01897174,0.02002198,0.02056347,0.02004577,0.02080569,0.02050999,0.02078042,0.02169723,0.02013229,0.02101609,0.02079082,0.01940137,0.02118331,0.02054047,0.02073818,0.02124565,0.02164455,0.02072333,0.02059229,0.01993331,0.02024024,0.02064168,0.02058623,0.02060777,0.0209827,0.02150531,0.02047314,0.01951611,0.02074292,0.01908815,0.01990768,0.0192327,0.01976549,0.02020526,0.01938369,0.01832302,0.0206958,0.02069234,0.02070432
32,0.0074598,0.00422722,0.00410289,0.00509753,0.00758413,0.00484887,0.00285959,0.01143837,0.00646516,0.01081672,0.00323258,0.00609217,0.00410289,0.00435155,0.0037299,0.00882743,0.00758413,0.00696248,0.00161629,0.0037299,0.02057523,0.02024939,0.01949029,0.01956443,0.02050974,0.01956537,0.01923054,0.01961484,0.01932685,0.02066742,0.02002929,0.01962237,0.02043794,0.02050274,0.02017753,0.02081854,0.02020399,0.02035378,0.02066623,0.02021095,0.02058726,0.02067968,0.02080149,0.0201126,0.0202403,0.0194737,0.01948184,0.02026662,0.02054291,0.02018994,0.01997348,0.02088599,0.01984839,0.01930507,0.01997309,0.02034251,0.01920591,0.0193594,0.01996379,0.01983796,0.02083281,0.0197936,0.02066936,0.02068518
33,0.00924315,0.00224833,0.00249815,0.00349741,0.00399704,0.00574574,0.00299778,0.00199852,0.00224833,0.01573833,0.00199852,0.0017487,0.006745,0.00249815,0.00724463,0.00924315,0.00574574,0.01074204,0.00224833,0.00399704,0.01971121,0.01866904,0.01891462,0.01889363,0.01980788,0.0189095,0.02066544,0.01925278,0.01995813,0.01954264,0.02056027,0.0193075,0.02154742,0.0211377,0.02141264,0.02080374,0.02098145,0.01980185,0.02116938,0.02167692,0.02129559,0.02136691,0.02079694,0.02114296,0.02154827,0.0198447,0.02126965,0.02090755,0.01945014,0.02097846,0.02073529,0.02119105,0.02042791,0.02098408,0.01982582,0.0228354,0.01969529,0.02017881,0.0203591,0.02030218,0.01926734,0.01914698,0.02034988,0.02095187
34,0.00607555,0.00199027,0.00429478,0.0063898,0.00429478,0.00701831,0.00209502,0.0057613,0.0055518,0.01047509,0.00188552,0.00366628,0.00544704,0.00377103,0.0059708,0.00775156,0.00607555,0.00649455,0.00230452,0.00335203,0.01959446,0.02027495,0.01970124,0.01884131,0.02030298,0.01991,0.01933862,0.01922564,0.02046967,0.02028658,0.02086996,0.01994778,0.02092777,0.02066856,0.02046542,0.02106786,0.02078323,0.02073826,0.02083304,0.02072667,0.02106059,0.02129941,0.02159478,0.02001607,0.02085207,0.0203151,0.02011656,0.02056699,0.02022691,0.02048317,0.02022962,0.02090648,0.02108622,0.02036001,0.0207455,0.02049528,0.02076487,0.0204126,0.02047578,0.02068895,0.01986475,0.02022496,0.02093492,0.02063885
35,0.00568304,0.00388839,0.00299107,0.00329018,0.01046876,0.00448661,0.00089732,0.00897322,0.00478572,0.01136608,0.00269197,0.00687947,0.00358929,0.00209375,0.00568304,0.00957143,0.01016965,0.00867411,0.00089732,0.00358929,0.01897349,0.01943684,0.02008434,0.01809361,0.01941416,0.01981969,0.01996893,0.02021094,0.01919546,0.01934394,0.01957768,0.02067761,0.02036525,0.02077882,0.02069278,0.02016908,0.02046911,0.02142728,0.02233028,0.02157607,0.02053066,0.02001851,0.0213847,0.02100656,0.02139967,0.02028019,0.02077359,0.02261949,0.02108195,0.01984466,0.01963535,0.02020736,0.02051674,0.0196353,0.01970901,0.02113522,0.02042275,0.01939459,0.02136352,0.01939584,0.01947215,0.01910879,0.01875237,0.01903595
36,0.00691148,0.00300104,0.00491079,0.00645677,0.00436514,0.00709336,0.00209163,0.00691148,0.00527455,0.01045816,0.00236445,0.00400138,0.00754806,0.00400138,0.00527455,0.00936687,0.00563831,0.00782088,0.00136411,0.00372856,0.01950773,0.02048076,0.01997432,0.02000208,0.02007686,0.01995708,0.0197967,0.01961735,0.02063107,0.01946783,0.02066722,0.02012185,0.01955266,0.01966328,0.0201918,0.02142798,0.02014801,0.02019711,0.02054283,0.0202297,0.01957746,0.02123362,0.0203773,0.0210486,0.01994383,0.01989163,0.01981418,0.02024148,0.02033652,0.02097906,0.02094721,0.02107743,0.01939043,0.02028185,0.02107854,0.02042756,0.02050669,0.02009839,0.02034172,0.02033206,0.02019878,0.02040423,0.02091746,0.01971681
37,0.01105975,0.00357138,0.00380179,0.00483864,0.00541467,0.00760358,0.00184329,0.00437782,0.00264973,0.01025331,0.00138247,0.00299535,0.00495385,0.00299535,0.00714276,0.00783399,0.00541467,0.00737317,0.00172809,0.00322576,0.02043581,0.02020798,0.0192192,0.01987569,0.02039396,0.01927879,0.01959966,0.02037597,0.01992417,0.02053707,0.02055552,0.01992171,0.0199238,0.02044787,0.0206997,0.02108983,0.02091394,0.0202599,0.02133549,0.02107001,0.02076513,0.02086108,0.02091688,0.02090277,0.02012451,0.02075583,0.02120312,0.02040946,0.0204442,0.02100995,0.02061473,0.02051428,0.02032925,0.01967626,0.02117176,0.02037575,0.01948557,0.02103444,0.02103085,0.02045625,0.02076341,0.02023907,0.02057747,0.01981247
38,0.00718355,0.00395095,0.00514821,0.00502848,0.00562711,0.00610602,0.00167616,0.00706382,0.00526794,0.00993724,0.00251424,0.00478903,0.00407068,0.00359177,0.00538766,0.00826108,0.00634547,0.00730328,0.00155644,0.00442986,0.02007872,0.02030147,0.01973817,0.0198669,0.02022611,0.01995821,0.01977458,0.02058249,0.02006723,0.02044491,0.02080122,0.02034557,0.01974436,0.02032811,0.02096179,0.02094214,0.02059561,0.02004053,0.02086474,0.02044376,0.02049036,0.02119167,0.02071712,0.02033226,0.02030231,0.02074368,0.02119264,0.02029412,0.02033617,0.02086107,0.02072979,0.01993258,0.02032243,0.01939595,0.02066089,0.01991103,0.0199633,0.02017099,0.02043305,0.02049285,0.02027783,0.02003293,0.02012132,0.01974804
39,0.00696803,0.0028757,0.00453475,0.00464535,0.00431354,0.00752105,0.00221207,0.00685743,0.00497716,0.00929071,0.00243328,0.00342871,0.00564079,0.00320751,0.00674682,0.00741045,0.00586199,0.00674682,0.00176966,0.00342871,0.02027504,0.02052484,0.01913521,0.0199866,0.02083,0.01971033,0.0203478,0.02097976,0.01963806,0.02032854,0.02096324,0.0195852,0.02006184,0.02027033,0.02081015,0.02039773,0.02040303,0.02090176,0.02132608,0.02066472,0.02078591,0.02143869,0.02129545,0.02037493,0.02027645,0.02013277,0.0210757,0.02025104,0.02032228,0.01993274,0.02044012,0.02112395,0.02132139,0.01984017,0.02025364,0.02137324,0.02023188,0.02002241,0.02009644,0.02063444,0.01967735,0.02085975,0.02091205,0.01931641
40,0.00882457,0.00345705,0.00482167,0.00582239,0.00391192,0.00836969,0.00200145,0.00718702,0.00582239,0.00909749,0.00309315,0.003639,0.00609532,0.00354802,0.00536752,0.01109894,0.00600434,0.00691409,0.00136462,0.00382095,0.01948459,0.02019321,0.01970601,0.02006391,0.02009664,0.02028254,0.01925925,0.01964298,0.02029639,0.01910158,0.02056967,0.01999895,0.01980057,0.0201987,0.02020322,0.02108161,0.02013216,0.0198685,0.02037658,0.0206449,0.02015063,0.02098226,0.0203865,0.02116704,0.02005496,0.01950233,0.02032306,0.02011592,0.01987497,0.02043631,0.02121587,0.0206816,0.01954261,0.02070691,0.02135456,0.02007295,0.01936586,0.02019212,0.02101252,0.02014529,0.02021777,0.02070008,0.02042823,0.02010613
41,0.01053303,0.00257474,0.00386211,0.00550058,0.00386211,0.00830939,0.00152144,0.00514948,0.00292584,0.00971379,0.00210661,0.00257474,0.00655388,0.00374508,0.00713905,0.00737312,0.00643685,0.00807532,0.00152144,0.00315991,0.02034243,0.02022649,0.0188215,0.01994801,0.02058504,0.01904684,0.01978679,0.02095242,0.01956473,0.02025345,0.02118227,0.01979326,0.02016124,0.0205096,0.02051002,0.02102806,0.0204334,0.02015493,0.02104286,0.02020348,0.02084598,0.02078803,0.02092404,0.02068249,0.02103985,0.02061252,0.02049962,0.0200731,0.020742,0.02026667,0.02062377,0.02096474,0.02073883,0.0202895,0.01992991,0.02089281,0.02070542,0.02108082,0.02020343,0.02008138,0.02061472,0.01982862,0.02076211,0.01962429
42,0.00778294,0.00325257,0.00534351,0.00534351,0.00441421,0.00673747,0.00162629,0.00836376,0.00592433,0.00859609,0.00267176,0.00464653,0.00557584,0.00487886,0.00545968,0.00650515,0.00662131,0.00731829,0.00139396,0.00383339,0.01972848,0.01992425,0.01886573,0.01984906,0.02091538,0.01912261,0.01966789,0.02072425,0.02020496,0.02002301,0.02065166,0.01977801,0.02029408,0.02049602,0.02116732,0.02043035,0.02044298,0.02024206,0.02086226,0.02041387,0.02071266,0.02122549,0.02125524,0.02066424,0.02075438,0.02049863,0.02085205,0.020638,0.01971036,0.01983976,0.02071211,0.0206241,0.02101462,0.02065571,0.02011306,0.02021672,0.02029613,0.02012669,0.02002695,0.02047546,0.01939329,0.02041828,0.02064402,0.01903839
43,0.00716285,0.00323484,0.00427461,0.00589203,0.00485226,0.00670074,0.0023106,0.00901133,0.00589203,0.00820262,0.00242613,0.00381249,0.00496779,0.00381249,0.00542991,0.00797156,0.00658521,0.00693179,0.00150189,0.00392802,0.01971153,0.0200639,0.01896417,0.01964119,0.02104198,0.0195253,0.01957549,0.02070672,0.0199611,0.02013012,0.02077386,0.01996032,0.02023393,0.02048022,0.02071796,0.02051146,0.02106996,0.02016527,0.02082895,0.02091782,0.02029315,0.02102707,0.02091902,0.02034213,0.02042637,0.0205196,0.02111632,0.02022348,0.02064704,0.02009486,0.02042554,0.02113753,0.02110697,0.01983716,0.02032929,0.02083944,0.01991752,0.02027222,0.02019235,0.02008227,0.01974649,0.02045508,0.02051193,0.01965474
44,0.00535821,0.00278627,0.00428657,0.00450089,0.00514388,0.00514388,0.00257194,0.00600119,0.00707283,0.01178805,0.00385791,0.00407224,0.00471522,0.00342925,0.00578686,0.00921612,0.00578686,0.00664418,0.00235761,0.00385791,0.01855682,0.01876682,0.01873712,0.01767287,0.01909021,0.02027888,0.02034485,0.02071188,0.02010176,0.02026933,0.02099927,0.02090563,0.02002302,0.02070383,0.01966894,0.0199081,0.02042205,0.02061199,0.02124518,0.01969597,0.02159683,0.02236541,0.02276212,0.02116795,0.02237109,0.0225689,0.02115982,0.02118111,0.02172069,0.0195424,0.02065143,0.02073714,0.01925413,0.01889989,0.01987781,0.02025438,0.01923003,0.01983999,0.02002699,0.02078536,0.01990532,0.02054933,0.01977149,0.02068798
45,0.00893642,0.00387245,0.00327669,0.00268093,0.00446821,0.00476609,0.0014894,0.0077449,0.00387245,0.01400039,0.00178728,0.00565973,0.00327669,0.00327669,0.00655338,0.00804278,0.0077449,0.00953218,0.00208517,0.00387245,0.01972487,0.01907333,0.01736167,0.01738892,0.01903829,0.02031408,0.01959393,0.01842389,0.02069468,0.01956228,0.02063608,0.02049415,0.01987205,0.02107248,0.02165637,0.02069227,0.02065276,0.02005447,0.02167163,0.02154392,0.02093632,0.02240251,0.02262882,0.02113138,0.02139828,0.02173515,0.02011334,0.02050947,0.02010847,0.02076979,0.02061098,0.01998277,0.02016338,0.02009762,0.02043628,0.02111412,0.01866976,0.02075616,0.02001796,0.02008317,0.02002446,0.02033023,0.0196525,0.01986577
46,0.01050493,0.00358705,0.00409949,0.00384327,0.0043557,0.00768653,0.00153731,0.00743032,0.00538057,0.01229846,0.00204974,0.00486814,0.00614923,0.00230596,0.00589301,0.00691788,0.00691788,0.00743032,0.00179352,0.00307461,0.01811921,0.01997766,0.0185564,0.01784909,0.01936953,0.01851789,0.01962431,0.0190317,0.01890618,0.0197318,0.02090112,0.01869504,0.02062595,0.01983821,0.02031831,0.02059488,0.02036313,0.02010434,0.02100338,0.0212602,0.02150395,0.0224684,0.02211261,0.02069057,0.02168396,0.02140487,0.02135801,0.02114294,0.019805,0.01974421,0.02163381,0.01959578,0.01967663,0.02132356,0.02142788,0.01981303,0.01984396,0.02157822,0.02052584,0.02012045,0.02022465,0.02016123,0.02118621,0.01946201
47,0.00978942,0.00307667,0.00391577,0.00363607,0.00475486,0.00335637,0.00139849,0.00867063,0.00503456,0.0117473,0.00223758,0.00307667,0.00615335,0.00279698,0.00503456,0.00978942,0.00867063,0.00895032,0.00279698,0.00419546,0.01834745,0.01935757,0.01969959,0.01843062,0.0186146,0.01960979,0.01935259,0.01892817,0.01944873,0.0198728,0.02062662,0.01994609,0.02020024,0.0204579,0.01995986,0.02187726,0.02002806,0.02074616,0.02067507,0.02095456,0.02174189,0.02207665,0.02031544,0.02131282,0.02100352,0.02254212,0.0204311,0.0206698,0.02045672,0.01947345,0.02066291,0.01960089,0.01914376,0.02041212,0.02074696,0.02119471,0.01956458,0.01913964,0.02090778,0.02039026,0.01977868,0.02013214,0.02084434,0.0212419
48,0.01105996,0.0032881,0.00298918,0.00358701,0.0050816,0.00418485,0.00298918,0.01225563,0.00358701,0.01404914,0.00119567,0.00418485,0.00478269,0.00269026,0.00567944,0.01135888,0.0083697,0.0050816,0.00269026,0.00358701,0.01812376,0.02012717,0.0192532,0.01936475,0.01845471,0.01905027,0.0206262,0.01882637,0.01992709,0.02028206,0.02084776,0.01986243,0.01998608,0.0195301,0.02129072,0.02114332,0.02061369,0.02058365,0.02140403,0.02219414,0.0205727,0.02176447,0.02125499,0.02107651,0.02167293,0.02116855,0.02091751,0.02066533,0.02057364,0.02030551,0.02005616,0.01900167,0.01948501,0.02045478,0.01978407,0.01949256,0.01954933,0.01917837,0.0199346,0.01853506,0.01975517,0.02027622,0.02089671,0.01944465
49,0.00727138,0.00363569,0.00393867,0.00363569,0.00515056,0.00272677,0.00302974,0.01121005,0.00484759,0.01393682,0.00302974,0.00333272,0.00454461,0.00242379,0.00605949,0.0093922,0.01030113,0.00545354,0.00212082,0.00454461,0.01811831,0.02015334,0.01917335,0.01795995,0.0190376,0.01871299,0.01957793,0.02031577,0.01917138,0.0204815,0.02032692,0.01924271,0.01968521,0.02069004,0.02137488,0.02018395,0.02051465,0.020576,0.02200518,0.02161339,0.02080728,0.02136694,0.02065432,0.02124281,0.02094543,0.02139698,0.02011531,0.0207595,0.02114582,0.01953059,0.02030052,0.01994039,0.01914007,0.02033593,0.02076441,0.02045161,0.02003349,0.02038637,0.01917271,0.01970181,0.02067831,0.0200575,0.02088367,0.02068755
50,0.0065439,0.00312969,0.00426776,0.00483679,0.00455228,0.00312969,0.00284517,0.01052714,0.0065439,0.01166521,0.00227614,0.00312969,0.00284517,0.00199162,0.00569035,0.00995811,0.00682841,0.00768197,0.00199162,0.00369872,0.01783572,0.02068838,0.01894936,0.0171585,0.01971603,0.02010439,0.01860456,0.01947553,0.01983664,0.01912103,0.02102651,0.02063985,0.01827607,0.02047963,0.02182704,0.02096806,0.01998367,0.02137091,0.02325868,0.02094314,0.02191823,0.0223597,0.02156507,0.02165569,0.02200107,0.02197311,0.02084316,0.02191324,0.02151368,0.01926468,0.02052283,0.02102447,0.01914975,0.01871906,0.02052992,0.02079367,0.01944482,0.02025568,0.02052136,0.01931529,0.01951656,0.02066373,0.02096777,0.01917043
51,0.00726481,0.00375766,0.00501021,0.00450919,0.00626276,0.00450919,0.00150306,0.00851736,0.00676378,0.0142791,0.00375766,0.00701429,0.00350715,0.00450919,0.00325664,0.01327706,0.00676378,0.00826685,0.00175357,0.00350715,0.01771731,0.01936725,0.01938737,0.01795362,0.01914367,0.01971209,0.01902341,0.01950147,0.02002752,0.02058318,0.01981649,0.01967921,0.01996995,0.02076912,0.02075785,0.01955545,0.01995008,0.0203252,0.02199025,0.02126645,0.02177126,0.02015076,0.02147186,0.02194445,0.02047534,0.02002213,0.02013919,0.02005882,0.01974203,0.01974489,0.02039157,0.01964254,0.01955977,0.01949064,0.02027017,0.02023185,0.02023853,0.01957239,0.02036943,0.02022865,0.02091422,0.01945394,0.02004476,0.01958343
52,0.00681493,0.00187998,0.00328997,0.00493495,0.00610994,0.00446496,0.00140999,0.0101049,0.00657994,0.01339487,0.00399496,0.00516995,0.00516995,0.00422996,0.00446496,0.00916491,0.00869492,0.00798992,0.00187998,0.00328997,0.01792655,0.02042593,0.01951871,0.01866802,0.01889504,0.02001564,0.01897764,0.0193438,0.02025425,0.02055601,0.01931661,0.01932078,0.02008191,0.02134051,0.01974435,0.0194049,0.02023181,0.01992969,0.02064854,0.0196888,0.02052034,0.02185144,0.02048773,0.02055429,0.02000998,0.02079546,0.02181893,0.02186413,0.02053332,0.01979507,0.01995004,0.02079941,0.01848571,0.01941742,0.0203906,0.02011527,0.02159199,0.01995958,0.02177509,0.02067707,0.01972625,0.01956289,0.02164383,0.02035076
53,0.00635282,0.00282348,0.00305876,0.00517637,0.00494108,0.00423521,0.00188232,0.01035274,0.00494108,0.01152919,0.00352934,0.00776456,0.00588224,0.00211761,0.00611753,0.00729398,0.00423521,0.01082332,0.00164703,0.00305876,0.01758556,0.01892312,0.01914481,0.01753843,0.01890399,0.01940206,0.0187123,0.01885265,0.01934106,0.01983958,0.02056056,0.0196154,0.01966751,0.01996932,0.02076957,0.02003525,0.01967217,0.02025429,0.02058406,0.02130058,0.02153486,0.02192847,0.02103332,0.02191071,0.02067728,0.02143557,0.02124793,0.02164746,0.0209066,0.02121394,0.02136881,0.02088786,0.020264,0.02091988,0.0202118,0.01985686,0.02004911,0.02084636,0.02110612,0.01960139,0.02178259,0.02024875,0.02127868,0.01960674
54,0.00769934,0.0051329,0.00427741,0.00342193,0.00627354,0.0051329,0.00199613,0.00883999,0.00342193,0.01197676,0.00342193,0.00427741,0.0051329,0.00427741,0.0051329,0.00741418,0.00712902,0.00912515,0.00228129,0.00427741,0.01790719,0.01930184,0.01887949,0.0180162,0.01933534,0.01969196,0.0196672,0.02028086,0.01955386,0.01984936,0.02066684,0.01914403,0.0190617,0.02021125,0.01977885,0.0198852,0.01940925,0.0205847,0.02042968,0.02196619,0.02137957,0.02084541,0.02085867,0.02054034,0.02066395,0.02112917,0.02075387,0.02045252,0.02080899,0.02011394,0.0221691,0.02016832,0.02139225,0.0198081,0.02013154,0.02068611,0.02083262,0.0197245,0.02062334,0.02081046,0.02009057,0.01923443,0.02103829,0.02148053
55,0.00815059,0.00291092,0.00261983,0.00407529,0.00640403,0.00407529,0.00203765,0.00523966,0.00349311,0.01339025,0.00203765,0.0037842,0.00494857,0.00261983,0.00553076,0.00989714,0.00640403,0.00989714,0.00349311,0.00291092,0.01889663,0.01943194,0.01868684,0.01781753,0.01917793,0.01761411,0.01913513,0.01976841,0.0189708,0.02044564,0.02089823,0.02161066,0.01999916,0.02183043,0.0204243,0.02229922,0.02187277,0.02287418,0.02116403,0.02193747,0.02193187,0.02287776,0.02266453,0.02134877,0.02127274,0.02175088,0.02099437,0.02024181,0.02123135,0.02126148,0.02130718,0.02060464,0.02067892,0.01958482,0.01983436,0.02097534,0.01928106,0.01859002,0.01746494,0.02126485,0.01967329,0.0189365,0.01836946,0.01908363
56,0.01336858,0.00366981,0.00340768,0.00209703,0.00498045,0.00786387,0.00131065,0.00393194,0.00157277,0.01939755,0.00262129,0.00314555,0.01153368,0.00314555,0.00707748,0.00969877,0.0062911,0.00655323,0.00209703,0.00157277,0.01915955,0.01953993,0.01902006,0.01853541,0.01947653,0.02048693,0.01909827,0.01937905,0.01958923,0.01927106,0.02056595,0.02009338,0.01919496,0.01935074,0.02022928,0.01967218,0.01941209,0.01956433,0.02053366,0.02076267,0.02126744,0.02012232,0.02136304,0.02098046,0.02051331,0.01954965,0.02041826,0.02052438,0.019481,0.0205769,0.02096958,0.02059633,0.02052156,0.01961794,0.02058106,0.02043617,0.01936446,0.01960045,0.02130556,0.02181632,0.02097457,0.01982075,0.02136738,0.01995912
57,0.00819692,0.00354461,0.00420923,0.00376615,0.00509538,0.00576,0.00199385,0.00708923,0.00509538,0.01196307,0.00310154,0.00398769,0.00664615,0.00243692,0.00598154,0.00753231,0.00531692,0.00886154,0.00221538,0.00332308,0.01933473,0.02076505,0.01985642,0.01889366,0.0215642,0.02021177,0.02036605,0.01869838,0.02018494,0.02110866,0.02144233,0.01982448,0.0196148,0.02066408,0.0203017,0.01968806,0.01981768,0.02099473,0.02113628,0.02022074,0.02053905,0.0214966,0.02167537,0.02043145,0.02161293,0.0219267,0.02021734,0.02008341,0.01972198,0.01968616,0.02080879,0.02046188,0.01972663,0.02014027,0.02029502,0.02024069,0.01989617,0.0193742,0.02062937,0.01997929,0.01957813,0.01994649,0.01999389,0.02073251
58,0.00515435,0.00343624,0.00400894,0.00257718,0.0091633,0.004868,0.00343624,0.00859059,0.00400894,0.01259953,0.00372259,0.00515435,0.00515435,0.00229082,0.00629977,0.00744518,0.00458165,0.00687247,0.00257718,0.00200447,0.01868929,0.01917907,0.01979327,0.01886457,0.01954967,0.01952947,0.02060382,0.02070168,0.01876424,0.02051413,0.02094333,0.0196297,0.02020103,0.0202896,0.02155871,0.02103392,0.02058171,0.02194928,0.02167396,0.02182336,0.02160984,0.021549,0.02122105,0.02037346,0.02059279,0.01996343,0.02068101,0.01970743,0.02027908,0.02133719,0.02098774,0.02027389,0.0203816,0.02149456,0.02002455,0.02001605,0.01915457,0.02022969,0.02028922,0.02030218,0.01903141,0.02078586,0.02015535,0.01973911
59,0.00676044,0.00307293,0.00368751,0.00276564,0.00737503,0.00522398,0.00307293,0.00614586,0.00338022,0.01751569,0.00368751,0.00553127,0.00368751,0.00215105,0.00553127,0.00706774,0.00583856,0.00921879,0.00184376,0.00399481,0.01989336,0.02054211,0.01958225,0.01867135,0.01868047,0.01868087,0.02171983,0.02174691,0.02024491,0.019038,0.02019793,0.02096872,0.02095195,0.01995726,0.01993895,0.02182295,0.02010755,0.02143688,0.02085003,0.02156152,0.02148281,0.02052926,0.02211587,0.02097107,0.02118275,0.02168511,0.01952448,0.01971886,0.02204488,0.02079324,0.01987189,0.01907781,0.01837125,0.02010494,0.02168806,0.02037766,0.02081191,0.01946396,0.01963637,0.01876891,0.02228162,0.019085,0.01753114,0.01873482
60,0.00826386,0.00306069,0.00367283,0.00061214,0.00612138,0.00459103,0.00091821,0.00856993,0.00397889,0.01316096,0.00244855,0.00703958,0.00520317,0.00275462,0.00550924,0.00826386,0.00275462,0.01254882,0.00214248,0.00550924,0.0191373,0.01757169,0.01860583,0.01791224,0.01858691,0.02005008,0.01935176,0.01980502,0.01861791,0.02015329,0.02155428,0.02011538,0.02147618,0.02120346,0.02270007,0.02177944,0.02017731,0.02097402,0.0216947,0.02222092,0.02182525,0.02176082,0.02151331,0.02066645,0.02188303,0.02034428,0.02119119,0.0211319,0.02189617,0.02099147,0.02009277,0.02033571,0.02042182,0.01955624,0.0193797,0.01894784,0.01946184,0.0189778,0.02089527,0.01862881,0.02001693,0.01995917,0.02016818,0.01914221
61,0.01363083,0.00406025,0.00406025,0.00232014,0.00522032,0.00580035,0.00087005,0.00638039,0.00348021,0.01160071,0.00348021,0.00290018,0.00725044,0.00116007,0.00667041,0.00783048,0.00580035,0.01015062,0.00174011,0.00348021,0.01839136,0.01801436,0.01789454,0.01816347,0.01900157,0.02005039,0.01978242,0.01913051,0.01934178,0.02029623,0.02009883,0.02051601,0.01968854,0.02117569,0.0205887,0.02016686,0.01967633,0.02118201,0.0204041,0.02053763,0.02117964,0.02150393,0.0204125,0.02062104,0.02147879,0.02162317,0.02081623,0.02137113,0.02118393,0.02144732,0.02124883,0.01990425,0.02134282,0.01942423,0.0212409,0.02075044,0.02003707,0.0198575,0.02035419,0.02035175,0.02031516,0.02157495,0.0198723,0.0201
62,0.00726303,0.00348626,0.00581043,0.00290521,0.00668199,0.00435782,0.00116209,0.01045877,0.00377678,0.01016825,0.00377678,0.0040673,0.00639147,0.00174313,0.00551991,0.00958721,0.00639147,0.01074929,0.00203365,0.0040673,0.0193705,0.0182671,0.01810053,0.0178577,0.01912618,0.01988619,0.01920177,0.02003288,0.01958771,0.01984117,0.01938463,0.01978649,0.02023308,0.02010091,0.02124937,0.01914031,0.01979934,0.02048983,0.02087846,0.02085621,0.02130449,0.02237676,0.02014846,0.02152103,0.02103057,0.02229228,0.02035833,0.02143439,0.02135487,0.02097741,0.02186755,0.01991503,0.02080855,0.02063642,0.02124875,0.01957953,0.01915739,0.02053609,0.01900258,0.02080634,0.0193658,0.02092335,0.01999385,0.01977173
63,0.00764244,0.00499698,0.0044091,0.00264546,0.0058788,0.0044091,0.00205758,0.0102879,0.00352728,0.01087578,0.00411516,0.00705456,0.00676062,0.00205758,0.00558486,0.00940608,0.01087578,0.00852426,0.00205758,0.0044091,0.01903976,0.01865519,0.01722661,0.01818398,0.01811758,0.01873094,0.01932635,0.01972691,0.01942562,0.02048649,0.01949107,0.02019213,0.01979921,0.02006152,0.02071092,0.01948763,0.01874414,0.01941958,0.02010386,0.02075739,0.02050338,0.02063627,0.02021029,0.02102655,0.02156418,0.02130386,0.02064583,0.0215874,0.0208521,0.02113867,0.02102081,0.02132934,0.02027985,0.01895051,0.02187207,0.02115397,0.01885532,0.01974272,0.02105899,0.02054641,0.01943703,0.020407,0.02001203,0.02060259
64,0.00837849,0.00288913,0.00404479,0.00144457,0.00751175,0.00548935,0.00115565,0.00751175,0.00491153,0.01242327,0.00317805,0.0043337,0.00404479,0.00173348,0.00548935,0.00895631,0.00722283,0.00895631,0.00173348,0.00635609,0.01823089,0.01884131,0.01936677,0.01884976,0.01966833,0.02024792,0.01967795,0.0188951,0.01953499,0.02030809,0.01998087,0.02000761,0.01995684,0.01984703,0.02114939,0.02105288,0.02122291,0.02267997,0.02105281,0.02161254,0.02191159,0.02134082,0.02082207,0.02035713,0.02204125,0.02198248,0.02042138,0.02174056,0.02114783,0.01968346,0.01955583,0.0217445,0.01965903,0.017773,0.02023816,0.02038965,0.01989493,0.01972309,0.02025445,0.02005887,0.02003457,0.02123266,0.01883219,0.01921185
65,0.00939205,0.00355375,0.00406143,0.00177688,0.00482295,0.00533063,0.00152304,0.00228455,0.00228455,0.01345348,0.00152304,0.00253839,0.00482295,0.00076152,0.00939205,0.00685366,0.00609214,0.00863054,0.00152304,0.00507679,0.02003245,0.02085997,0.01728491,0.01961925,0.02059165,0.01973017,0.01987401,0.02094171,0.02020523,0.01987508,0.02214386,0.02045551,0.01989417,0.02222424,0.01968915,0.02213566,0.02067634,0.02183637,0.02172043,0.0210077,0.02139483,0.02129142,0.02083932,0.02107571,0.02147875,0.02206234,0.02001243,0.02073466,0.02211411,0.01986108,0.02083588,0.02063773,0.01988114,0.01982894,0.02141762,0.02059959,0.01955195,0.02056058,0.02050469,0.02009499,0.02013862,0.01898768,0.01982545,0.01977522
66,0.00769431,0.00455959,0.00370467,0.00256477,0.00569949,0.00541452,0.00256477,0.00284975,0.00170985,0.0168135,0.0011399,0.0022798,0.00626944,0.00170985,0.00740934,0.00854924,0.00683939,0.00911919,0.0022798,0.00484457,0.01953067,0.01909602,0.01725747,0.01985252,0.02064822,0.01969184,0.0201719,0.02138425,0.02101229,0.01905198,0.02089141,0.02035213,0.02013548,0.01999749,0.02102729,0.02157849,0.01920703,0.022492,0.02189498,0.02046467,0.02181489,0.02179283,0.02147824,0.02101769,0.02218141,0.02102389,0.01909706,0.02190822,0.02120189,0.02041437,0.02043127,0.02030626,0.01876939,0.01926875,0.0214117,0.01844789,0.01888476,0.02130281,0.01912386,0.0188,0.02093869,0.02116529,0.01926173,0.02020325
67,0.01436195,0.00478732,0.00223408,0.00191493,0.00574478,0.00574478,0.00223408,0.00414901,0.00287239,0.01436195,0.00127662,0.00255324,0.0070214,0.00414901,0.00765971,0.00319154,0.00734055,0.00638309,0.00191493,0.00478732,0.01835641,0.02038073,0.01902235,0.0182588,0.02014336,0.0198296,0.01945912,0.02173053,0.02206366,0.02026012,0.02075752,0.02096019,0.01975612,0.02154434,0.02068459,0.02043332,0.02072679,0.019772,0.02098592,0.02007272,0.01977394,0.0220052,0.02030213,0.02116279,0.02116333,0.02195713,0.02077097,0.02078982,0.02120487,0.01968443,0.01964835,0.02101528,0.01962869,0.01895599,0.01984218,0.02054557,0.02123327,0.01939824,0.01999247,0.02039579,0.01930231,0.02136321,0.0206609,0.01932233
68,0.01595319,0.00419821,0.00251892,0.00251892,0.00391833,0.00699701,0.0027988,0.00251892,0.0027988,0.01455379,0.00195916,0.00251892,0.00755677,0.0027988,0.00671713,0.00755677,0.00307869,0.00755677,0.00195916,0.00419821,0.01960845,0.01934971,0.0187922,0.01914078,0.01917014,0.0189733,0.01880219,0.02083095,0.02056298,0.02059475,0.02017089,0.02014404,0.02039147,0.02170169,0.02078243,0.02079252,0.02177383,0.01997504,0.02119365,0.02257052,0.02178133,0.02068228,0.02168403,0.02092292,0.02162035,0.02163987,0.02191175,0.02019392,0.02080852,0.0203983,0.01895105,0.01944555,0.02084578,0.01935614,0.02027703,0.01923112,0.01926487,0.02018018,0.01913059,0.02008999,0.02076961,0.01895805,0.02052693,0.02133302
69,0.00899535,0.00349819,0.00299845,0.00299845,0.0059969,0.00574703,0.00149922,0.00549716,0.00449767,0.007746,0.00399793,0.0042478,0.00574703,0.00374806,0.0059969,0.00949509,0.00674651,0.00874548,0.00374806,0.00249871,0.01931842,0.01924191,0.01806858,0.01876637,0.02034888,0.01863631,0.01931278,0.02064364,0.0199612,0.01969851,0.02194627,0.02044324,0.01917449,0.0213848,0.02145582,0.02089636,0.02078556,0.02115915,0.0212523,0.02040438,0.02203665,0.02262022,0.02204265,0.02173255,0.02119529,0.02150294,0.02010394,0.02094648,0.02144961,0.02033437,0.02034342,0.02031557,0.02007782,0.01854355,0.01971242,0.02002045,0.01936978,0.01897706,0.02055597,0.01861482,0.0203621,0.02171099,0.02021892,0.01986744
70,0.01261962,0.00295353,0.00268503,0.00295353,0.00375904,0.00644406,0.00241652,0.00322203,0.00107401,0.01315662,0.00268503,0.00161102,0.00698107,0.00241652,0.00778657,0.00939759,0.00456454,0.00805508,0.00295353,0.00187952,0.01796542,0.01895918,0.01816688,0.01844441,0.01936795,0.01862089,0.01953686,0.02048869,0.01983502,0.01937622,0.02121358,0.01955056,0.01987641,0.02112761,0.0211729,0.02061557,0.02158351,0.02059846,0.0208996,0.02130628,0.02098363,0.02168518,0.02154055,0.02154303,0.02226283,0.02209533,0.02119791,0.02073173,0.02175539,0.02139657,0.02114205,0.02004136,0.02039664,0.02216937,0.02008892,0.02082752,0.02011697,0.02041427,0.02037827,0.01970423,0.01996746,0.02124429,0.02049696,0.0194991
71,0.01461988,0.00193093,0.00165508,0.00248262,0.00358601,0.01103387,0.00193093,0.00027585,0.00137923,0.01793004,0.00137923,0.00137923,0.00634448,0.00220677,0.0082754,0.00496524,0.00524109,0.00744786,0.00248262,0.00220677,0.02066804,0.02057807,0.02031137,0.01892019,0.02005478,0.0185781,0.02028565,0.02009128,0.02011546,0.0215398,0.02049572,0.0205524,0.02058956,0.02065747,0.02097998,0.02145341,0.02048953,0.02282823,0.02121115,0.02084325,0.01987043,0.02238881,0.02108568,0.02047418,0.0216545,0.02177536,0.02029961,0.02089901,0.02059056,0.02061061,0.02055543,0.01878245,0.02115603,0.02068321,0.01890965,0.01977392,0.02102661,0.02016626,0.02122248,0.0198594,0.01927769,0.02032865,0.01934161,0.01927128
72,0.00561446,0.00311914,0.00187149,0.00343106,0.00748595,0.0043668,0.0021834,0.00904552,0.00561446,0.01590764,0.00311914,0.00530255,0.00374297,0.00155957,0.00561446,0.00935743,0.00592637,0.00810978,0.00187149,0.00467872,0.01992938,0.01909135,0.01971024,0.01896466,0.0193292,0.0203478,0.0210855,0.01967886,0.01937418,0.02012548,0.0208728,0.02086766,0.02008347,0.02055025,0.02101509,0.02073872,0.02075843,0.01987783,0.02204528,0.02194807,0.02124518,0.0215533,0.02199461,0.02078534,0.0221175,0.02100029,0.02016572,0.01976083,0.02040245,0.02002027,0.01977882,0.01971767,0.01928824,0.02069875,0.02010327,0.01918497,0.02046754,0.02036537,0.02062129,0.01900142,0.01894377,0.0189928,0.01905709,0.02041686
73,0.00615514,0.00388745,0.00291559,0.00291559,0.00907073,0.00388745,0.00291559,0.00939468,0.00485932,0.01166236,0.00259164,0.00583118,0.00453536,0.00421141,0.00485932,0.00647909,0.007127,0.01166236,0.00194373,0.00388745,0.01748038,0.01891918,0.01758182,0.01838298,0.01849077,0.01941604,0.01905382,0.01995566,0.01853446,0.02049088,0.02040367,0.02006597,0.02086216,0.02073274,0.02213251,0.02010588,0.02024012,0.02043538,0.022163,0.02242302,0.02220694,0.02218566,0.02244203,0.02197836,0.0223672,0.02204306,0.02178076,0.0223913,0.0214225,0.02082119,0.02100522,0.02145724,0.02060426,0.01932217,0.02008688,0.01948189,0.01917956,0.01986712,0.01878592,0.01835857,0.01921831,0.01887992,0.01814047,0.01731057
74,0.00820567,0.00396136,0.00226363,0.0036784,0.00707385,0.00594204,0.00198068,0.0031125,0.00226363,0.01669429,0.0036784,0.00282954,0.00509317,0.00226363,0.00792271,0.00933749,0.00396136,0.0067909,0.00113182,0.00339545,0.01906503,0.02040478,0.01768029,0.01737387,0.01855171,0.01962843,0.01884719,0.01911613,0.01920448,0.01926442,0.02059457,0.01990009,0.02023131,0.01970024,0.02153445,0.02040208,0.02039016,0.02160348,0.02149065,0.02179181,0.0206559,0.02166602,0.02179044,0.02227098,0.02051653,0.02206606,0.02210021,0.02047827,0.02167218,0.02213499,0.02213556,0.02129358,0.02147099,0.02175525,0.02037133,0.01991852,0.02055144,0.02134688,0.01977969,0.01965175,0.02034315,0.01962749,0.01929541,0.01875165
75,0.01611093,0.00272646,0.00099144,0.0012393,0.00297433,0.01016228,0.00173502,0.00198288,0.00024786,0.01635879,0.00173502,0.0012393,0.00694009,0.00198288,0.0094187,0.00991442,0.00322219,0.00718795,0.0024786,0.00099144,0.01794983,0.0188878,0.01822752,0.01903663,0.01826288,0.01971558,0.01977018,0.01985568,0.01968426,0.02209573,0.02130171,0.02045753,0.0198065,0.01974457,0.02114377,0.02096582,0.01970666,0.02053281,0.02027348,0.02057372,0.02099644,0.02093425,0.02064412,0.02077233,0.02096694,0.02217665,0.02181871,0.02171739,0.02139107,0.02167611,0.02097032,0.02015998,0.02208808,0.02059858,0.02095613,0.02070833,0.01947254,0.02060823,0.02112754,0.02027412,0.0210979,0.02075869,0.02130763,0.01914537
76,0.00891979,0.00362367,0.00306618,0.00306618,0.00473864,0.00585362,0.00139372,0.00501738,0.00083623,0.01449467,0.00306618,0.00222995,0.00418115,0.00334492,0.00891979,0.01059226,0.00557487,0.00613236,0.00139372,0.00334492,0.01781067,0.01808823,0.01714959,0.01937886,0.01905925,0.02012412,0.01977253,0.02057046,0.01933708,0.01967396,0.02056043,0.0195129,0.02071668,0.02070078,0.0232675,0.02004152,0.02051055,0.02114801,0.02122091,0.02243817,0.02216581,0.02120063,0.02235038,0.02162051,0.02135455,0.02157525,0.02164166,0.0212604,0.02187459,0.02071747,0.02074458,0.02086182,0.02044468,0.02022425,0.01895219,0.0214799,0.02039924,0.02029596,0.02104105,0.01869958,0.02208302,0.02053788,0.01892982,0.01867243
77,0.0090566,0.00372919,0.00159822,0.00319645,0.00506104,0.007192,0.00239733,0.0045283,0.00372919,0.0135849,0.00346282,0.00319645,0.00346282,0.00319645,0.00665926,0.00958934,0.00825749,0.00639289,0.00319645,0.00239733,0.01894724,0.01853366,0.01847904,0.01814996,0.01710375,0.01928932,0.01964395,0.02083559,0.01986955,0.020529,0.02037812,0.02053303,0.0212542,0.02121354,0.02232581,0.02111818,0.02020487,0.0208721,0.02210661,0.02075104,0.02298557,0.02143216,0.02243576,0.02243063,0.02167304,0.02223619,0.02144537,0.02293724,0.02071253,0.02220142,0.02180584,0.02093006,0.02187428,0.01947302,0.01967604,0.0200679,0.01947403,0.01948377,0.01798223,0.01927476,0.01862446,0.01800134,0.01789539,0.01892391
78,0.00833703,0.0043229,0.00247023,0.00339657,0.00648436,0.00524924,0.00308779,0.00957214,0.0058668,0.01513016,0.00370535,0.00463168,0.00216145,0.00370535,0.00401412,0.01111604,0.00555802,0.00771947,0.00216145,0.00216145,0.01864676,0.01855116,0.01779209,0.01859881,0.01818995,0.01913689,0.01919208,0.01909632,0.02017763,0.02091737,0.02202287,0.02046519,0.02120712,0.02110595,0.02119748,0.02145821,0.01947521,0.02093283,0.02108219,0.02114247,0.02117366,0.02146624,0.02139416,0.02104293,0.02147413,0.02187406,0.02226063,0.022647,0.02279594,0.02044908,0.0210498,0.01925115,0.02039414,0.02003626,0.02025548,0.01948668,0.01844621,0.01949149,0.01935299,0.01857313,0.01913755,0.01828953,0.01872217,0.01969543
79,0.01486934,0.00514708,0.00314544,0.00228759,0.00600492,0.00943631,0.00142974,0.00228759,0.00142974,0.01601313,0.00285949,0.00142974,0.00743467,0.00428923,0.00686277,0.00943631,0.00428923,0.00772062,0.00142974,0.00257354,0.01892648,0.01766426,0.01851111,0.01920482,0.01975208,0.0195567,0.02005045,0.02060362,0.01959364,0.01990699,0.01998761,0.01908493,0.02025917,0.01873896,0.02036905,0.02049671,0.02050242,0.02015413,0.02218813,0.02082734,0.02221972,0.02131816,0.02107224,0.02067123,0.0209806,0.02120634,0.02176613,0.02087021,0.02090069,0.01976477,0.02142054,0.02186024,0.02090553,0.02046177,0.02026817,0.02026638,0.02061987,0.01987011,0.01943554,0.01979964,0.01992079,0.01892187,0.02035535,0.01836926
80,0.00671762,0.00214964,0.00241834,0.00322446,0.00806114,0.00349316,0.00295575,0.00644892,0.00403057,0.01236042,0.00241834,0.00403057,0.00376187,0.00241834,0.00591151,0.01424135,0.00483669,0.00859855,0.00295575,0.00376187,0.01803314,0.01930453,0.01961784,0.01888713,0.01949882,0.01998131,0.02034204,0.01998025,0.0191777,0.02016482,0.0208921,0.02091805,0.02006051,0.02137416,0.02104713,0.02099141,0.02029307,0.02130784,0.02064955,0.02079315,0.0219304,0.02173731,0.02004535,0.02032511,0.02121381,0.02045583,0.01985362,0.01978521,0.02120837,0.02055561,0.02088697,0.01928744,0.01892508,0.02081211,0.02033683,0.01949689,0.02014209,0.02118636,0.02106116,0.02014456,0.02105812,0.0204057,0.0209979,0.02003873
81,0.01102464,0.0034452,0.00137808,0.00551232,0.0103356,0.00757944,0.0017226,0.00826848,0.00378972,0.00999108,0.0051678,0.00551232,0.0068904,0.00413424,0.00241164,0.00585684,0.00826848,0.0103356,0.0017226,0.00654588,0.01825765,0.01895103,0.01905458,0.01897658,0.01897434,0.02014891,0.01924986,0.01953963,0.01878211,0.02080843,0.01877107,0.02046211,0.01917378,0.01920847,0.02026662,0.01949475,0.02022318,0.02144249,0.0213747,0.0196335,0.0218767,0.02212552,0.02200761,0.02085599,0.02069376,0.02091846,0.02152378,0.01996378,0.01972113,0.01878962,0.01961077,0.02053663,0.02055051,0.02007758,0.02027273,0.01897427,0.02012396,0.02091562,0.01948409,0.02031119,0.02002347,0.01978757,0.01955992,0.01860854
82,0.00341419,0.00310381,0.00372457,0.00248305,0.00993219,0.00372457,0.00062076,0.00962181,0.00713876,0.01210486,0.00248305,0.00589724,0.00465572,0.00310381,0.0049661,0.00744915,0.00869067,0.00806991,0.00124152,0.00372457,0.01771304,0.01850468,0.01825966,0.01807704,0.0191821,0.01880879,0.01941346,0.01907471,0.01842864,0.01969519,0.02042119,0.02171515,0.02009811,0.01942657,0.02075325,0.02232365,0.02183228,0.02222742,0.02313503,0.02242424,0.02148887,0.02114604,0.02059178,0.0214904,0.0217485,0.02286178,0.02215578,0.0210918,0.02066422,0.02183609,0.02081047,0.01983332,0.02074177,0.01988005,0.02097281,0.02034255,0.01880219,0.02009902,0.02035842,0.02079647,0.01905744,0.01917123,0.01741304,0.01898144
83,0.00932277,0.0033901,0.00310759,0.00367261,0.00480264,0.00791023,0.00056502,0.00593267,0.00282508,0.01243036,0.00480264,0.00480264,0.00536765,0.00282508,0.00565016,0.00960528,0.00536765,0.01214785,0.00169505,0.00423762,0.01786523,0.01898153,0.01827554,0.01884922,0.01805266,0.01997102,0.0202871,0.01947032,0.01988045,0.02109333,0.02022892,0.01960035,0.01904971,0.02014704,0.02026484,0.01946623,0.01993325,0.0215926,0.02117046,0.02114577,0.02125223,0.0224176,0.02115942,0.02214595,0.02140562,0.0209869,0.02031908,0.02128441,0.02147111,0.0207029,0.01998758,0.02032185,0.01810934,0.02036252,0.01958379,0.02002319,0.01998352,0.01936319,0.02098906,0.02122224,0.02085212,0.01991786,0.02022157,0.02013074
84,0.00601223,0.00300612,0.00420856,0.00240489,0.00631284,0.00601223,0.00090183,0.0105214,0.00571162,0.01112263,0.00390795,0.00541101,0.00420856,0.00240489,0.00420856,0.00961957,0.00811651,0.01022079,0.00240489,0.00420856,0.01856707,0.01822334,0.01683056,0.01765969,0.01850732,0.01899023,0.01971511,0.01971483,0.01937151,0.02046203,0.02032089,0.02065668,0.02036828,0.02053643,0.02052962,0.02023974,0.02125449,0.02050901,0.02216631,0.02146394,0.02160298,0.02242708,0.02138316,0.02172704,0.02180853,0.02089927,0.01968767,0.02176968,0.02078567,0.02015805,0.02045345,0.02065835,0.01987812,0.02060439,0.01966878,0.02001914,0.01924103,0.01970313,0.02032726,0.02023018,0.02035454,0.01960798,0.02036684,0.01962497
85,0.00926136,0.00250307,0.00175215,0.00600737,0.00425522,0.00675829,0.00100123,0.00325399,0.00175215,0.0107632,0.00300368,0.00300368,0.00800982,0.00300368,0.00775952,0.00926136,0.00475583,0.01326627,0.00200246,0.00325399,0.01739269,0.01929449,0.01761574,0.01820616,0.01848733,0.01830129,0.01874202,0.01952541,0.01927095,0.0210902,0.01890203,0.02004924,0.01952599,0.01863412,0.01983651,0.02036903,0.02014704,0.02019939,0.02155157,0.02068119,0.02107637,0.02168577,0.02034529,0.0214073,0.02127779,0.02139972,0.02101527,0.02204678,0.0212059,0.02164275,0.02181995,0.02025792,0.02095455,0.02128691,0.02037232,0.02059095,0.02091782,0.02064855,0.02067434,0.02176689,0.02054214,0.0211711,0.02184243,0.02160053
86,0.01325163,0.00323929,0.00265033,0.00206136,0.00559513,0.00736202,0.00058896,0.00294481,0.00265033,0.01384059,0.00235585,0.00412273,0.00706754,0.00294481,0.00647857,0.00677306,0.00471169,0.01354611,0.00206136,0.00294481,0.01772673,0.01901028,0.01760928,0.01926033,0.01809385,0.02001595,0.01985908,0.01988843,0.02116559,0.02091149,0.01985444,0.02084001,0.02003095,0.01855672,0.02098261,0.01975494,0.02038931,0.020506,0.02086747,0.02087625,0.02141694,0.02172754,0.02111413,0.0204865,0.02145386,0.02142836,0.01980548,0.02067416,0.02080616,0.02017343,0.02014242,0.02030094,0.02058893,0.02054023,0.02052844,0.02032133,0.02001172,0.02028513,0.02013206,0.02077946,0.02120714,0.02110569,0.02061436,0.02096491
87,0.01005052,0.00243649,0.00152281,0.00304561,0.00517754,0.00883227,0.00152281,0.00304561,0.00030456,0.01766455,0.00274105,0.00182737,0.00578666,0.00487298,0.00791859,0.00852771,0.00578666,0.00883227,0.00274105,0.00182737,0.01824989,0.0204314,0.0208933,0.01963405,0.01906169,0.01931682,0.01929098,0.0209997,0.01945821,0.0206095,0.02026007,0.01982092,0.02082592,0.02177523,0.02289371,0.02135012,0.0194568,0.02090702,0.02234735,0.02232143,0.02186733,0.0217364,0.02259853,0.02189672,0.0215182,0.02167799,0.0201596,0.02074587,0.02015888,0.02107179,0.02004997,0.02127192,0.01941436,0.0188995,0.02016637,0.02052676,0.01877321,0.0198446,0.02033973,0.01941361,0.01794294,0.01792428,0.0191676,0.01846523
88,0.00702824,0.00439265,0.00380696,0.00322128,0.00644256,0.00322128,0.00117137,0.00966383,0.00527118,0.01259227,0.00322128,0.00732109,0.00409981,0.00351412,0.00380696,0.01024952,0.00819962,0.01112805,0.00175706,0.00644256,0.01836066,0.0188867,0.01951193,0.01822554,0.0184858,0.01970094,0.01929583,0.01961468,0.01988,0.01963053,0.01876886,0.01973293,0.02006297,0.02084081,0.01903259,0.02071283,0.02025182,0.02057083,0.02030163,0.02053243,0.01926197,0.02106051,0.02057464,0.02166628,0.02169662,0.02044285,0.02006992,0.01945515,0.02028964,0.02067752,0.01941535,0.01948148,0.02049516,0.02039849,0.02170204,0.02072507,0.02107963,0.02028836,0.02154248,0.02086935,0.01989458,0.02065678,0.01913236,0.02017177
89,0.00546729,0.00410047,0.00382711,0.00328038,0.00902103,0.00492056,0.00437383,0.00902103,0.0046472,0.01230141,0.00246028,0.00519393,0.0046472,0.00246028,0.00574066,0.00765421,0.0046472,0.00738085,0.00246028,0.00218692,0.01855085,0.0196613,0.01982379,0.01917862,0.01926038,0.01946404,0.02048645,0.02046547,0.01880077,0.02014528,0.02129652,0.01915216,0.02025638,0.0207046,0.0213106,0.02080884,0.02062625,0.02201498,0.02101074,0.02133294,0.02081888,0.02180673,0.02111422,0.02042823,0.02058802,0.02020157,0.0203532,0.02008942,0.02007801,0.02164908,0.02086857,0.02064432,0.02010428,0.02141043,0.02010308,0.01982773,0.01931623,0.0198324,0.02073535,0.02011093,0.01928951,0.02071654,0.02033209,0.01943809
90,0.00647757,0.00362744,0.00233192,0.00414564,0.00621846,0.00544116,0.00077731,0.00699577,0.00492295,0.01373244,0.00414564,0.00570026,0.00673667,0.00336833,0.00595936,0.01140052,0.00725487,0.00673667,0.00155462,0.00336833,0.01823494,0.01829666,0.01802012,0.01953477,0.01784651,0.01921842,0.02126772,0.02013365,0.019207,0.01993212,0.01953218,0.01982833,0.01967406,0.01947067,0.02058609,0.01961569,0.02092409,0.02084479,0.02026282,0.02241488,0.02058089,0.02165496,0.02253499,0.02131811,0.02160988,0.02135416,0.02029723,0.02171531,0.02119887,0.01984247,0.01977092,0.01928552,0.0205603,0.0200717,0.02045053,0.01985956,0.02030195,0.02013345,0.02030599,0.02034399,0.0206083,0.02008665,0.02048586,0.01988697
91,0.00890374,0.00342452,0.00228301,0.00251131,0.00319622,0.00799054,0.00136981,0.00410942,0.00114151,0.01483957,0.00228301,0.00228301,0.00799054,0.00273961,0.00913205,0.00890374,0.00525093,0.00958865,0.00136981,0.00273961,0.019855,0.01834483,0.01880689,0.01903981,0.01885901,0.02007571,0.02040661,0.01953757,0.01993978,0.02025329,0.01963517,0.0193911,0.02134501,0.01995846,0.02051775,0.02019649,0.02116047,0.02075231,0.02114528,0.02063747,0.02145533,0.02154493,0.02062768,0.02153019,0.02160132,0.02193351,0.02121491,0.02014803,0.02165172,0.02130558,0.02009279,0.02100611,0.02181725,0.02000468,0.02043337,0.02058536,0.01994404,0.02058188,0.02047442,0.02017903,0.02059065,0.01914244,0.01977911,0.02044706
92,0.00752573,0.0021072,0.00421441,0.00451544,0.00782676,0.00662264,0.00150515,0.00541853,0.00481647,0.01475043,0.00270926,0.00301029,0.0051175,0.00331132,0.00481647,0.0072247,0.00752573,0.00812779,0.00240823,0.00391338,0.01880391,0.01880719,0.01970338,0.01874594,0.02051771,0.01859613,0.02057324,0.0213874,0.02016993,0.02133394,0.02172963,0.02074915,0.02119154,0.02107278,0.02155038,0.02060022,0.02235546,0.02102029,0.02245649,0.02144877,0.02059657,0.02054193,0.02200046,0.02128628,0.02052994,0.01971856,0.01996536,0.02106677,0.02033437,0.01822962,0.0190623,0.01894488,0.01931503,0.0179291,0.0188082,0.01922268,0.02043458,0.01997127,0.02023543,0.02040744,0.02047058,0.02048955,0.02005243,0.02010579
93,0.00844547,0.00563031,0.00234596,0.0060995,0.00398814,0.00750708,0.00164217,0.00492652,0.00351894,0.01454497,0.00211137,0.00304975,0.00797627,0.00492652,0.00516112,0.00938385,0.00680329,0.00891466,0.00258056,0.00328435,0.01895746,0.0184923,0.01836553,0.01852285,0.01814994,0.01954025,0.01953236,0.01870823,0.02006101,0.01881242,0.02009167,0.01908992,0.01936043,0.02023034,0.01971814,0.01953611,0.02073364,0.01959084,0.02068929,0.02075096,0.02194136,0.02189741,0.02042738,0.02130508,0.02143909,0.02148194,0.02207203,0.02097059,0.0208623,0.02098602,0.02029055,0.02057508,0.01951249,0.01909951,0.02100414,0.02097036,0.01957608,0.01989843,0.02120472,0.02119188,0.02064581,0.02062814,0.01999926,0.02024585
94,0.0038763,0.00290723,0.0025842,0.00290723,0.00872169,0.00290723,0.00161513,0.01227496,0.00775261,0.01227496,0.00226118,0.00452236,0.00419933,0.0038763,0.00355328,0.01130589,0.00549143,0.00936774,0.00193815,0.00484538,0.01803067,0.0199215,0.01737155,0.01823532,0.01900626,0.01876242,0.01888063,0.01906944,0.01867218,0.02020049,0.02002324,0.02110949,0.02047305,0.01998898,0.02111802,0.01999854,0.02093381,0.01996212,0.02199796,0.02166584,0.02224053,0.021668,0.02144014,0.02205512,0.0216188,0.02173834,0.02082781,0.02208218,0.02146528,0.02102066,0.02057243,0.02148418,0.02130291,0.02065098,0.02165685,0.0215021,0.01938295,0.01960958,0.02009991,0.01993672,0.01741129,0.01926037,0.0186978,0.01767097
