C,-0.27895698,-0.06273554,-0.26121575,0.38666284,0.020455988,0.60165465,0.28404355,-0.060684383,0.29963982,-0.33090732,-0.064863406,0.17785372,-0.037319418,0.39511025,-0.61158097,-0.7770088,0.33355406,0.04498235,-0.094311856,-0.09164907,0.64829326,-0.11823661,-0.28936195,0.19042647,-0.13120066,0.42784357,0.07632431,0.24409026,-0.06965965,-0.43269065,-0.098693706,0.09110412,0.073210895,0.21086189,0.08141362,0.016087847,0.514919,0.28140497,0.18182462,0.061742894,-0.22908634,0.20539528,-0.39990103,-0.09825097,-0.10871529,0.19925119,0.114345506,0.43607134,-0.003803341,-0.14637136,0.62094307,-0.32536492,0.27724522,-0.45040852,0.37485966,0.23770833,0.27451143,-0.29809952,0.020752614,-0.43740252,-0.4936293,-0.057362285,0.5695641,-0.03621686
[,-1.4148289,0.44626635,-0.19752157,0.82239646,0.19583677,0.18382883,-1.1736356,1.9063787,0.84361273,-0.23696886,0.1947365,1.1534265,-0.30947813,1.3421204,-0.25382897,-0.35344735,1.2583348,-1.3914114,-0.6966914,0.7082519,-0.3372486,-0.018846558,0.37784576,-1.8218158,1.2776963,0.65620685,1.5812113,-0.80465937,0.7945899,-0.65058947,0.55667275,-0.98963565,-0.35457465,-0.73862654,-1.1402558,1.009926,0.23142144,0.9579305,-0.005379424,-0.06025715,-0.16600496,-1.6327912,-0.3937543,0.030289045,-0.40957695,0.20878948,-0.7278096,0.22850434,-0.3131804,0.21421236,0.17279069,-0.04439375,0.76065844,1.2692176,0.28999615,0.07602673,0.7037696,-0.4451099,-0.40937012,-0.5643395,0.8361528,0.016840337,0.14232711,-0.57682914
@,0.37365076,0.32094195,-0.8490707,0.077896774,0.32091033,0.7551441,-1.2924984,1.3176398,0.8071751,0.2140573,1.226525,-0.030046158,-0.86343586,1.8237493,-1.0756905,0.03399389,0.5413165,-1.8905458,-0.3064577,-0.29487076,-0.45441988,0.76988983,-0.012665815,-1.4729886,0.4895662,0.35583073,1.1959945,-0.3325158,0.20679216,-1.1188251,0.8416381,-1.2547122,-0.62548804,-0.6581263,-0.13040672,0.3811385,0.1952405,0.3212561,-0.36261812,-0.27886906,-0.2036228,0.0067681167,-0.048632346,1.0695121,-1.5976017,-0.40213707,-0.47741297,-0.22257158,-0.56397116,0.0970522,0.6460018,-0.3733024,0.07048767,1.326071,0.78544974,1.1529928,1.7951307,-0.13143979,-0.7585111,-0.90496445,1.468266,-0.33750072,-0.36110216,0.44160756
H,-0.22403456,0.24600314,-1.2021426,0.20922653,0.32038718,1.2374694,-0.6326237,1.709377,0.48412094,0.82435524,1.040139,0.8151676,-0.36979645,1.5701768,-0.8346731,0.3908177,1.0513775,-1.5927657,-1.0348767,-0.9344458,-0.62624747,0.8124896,0.1662749,-1.2978511,0.749494,0.06403196,1.3086694,-0.12141451,1.2122053,-1.0616379,0.5327611,-0.59605855,0.59384316,-0.7739513,-0.18725556,0.28884435,0.61364496,0.62787837,-0.53662646,0.44588432,-0.104594134,-0.82394594,-0.20640741,0.3291925,-1.1344792,0.002391749,0.18187831,0.33137396,0.4394392,-0.099752456,0.62113416,1.2361715,1.1788694,1.5748147,1.0391912,0.66046584,1.5441921,-0.11047648,-0.44020963,-0.9622261,0.68222374,-0.19473639,-0.55301857,0.691644
],0.3075761,0.42182267,-1.2911713,0.5651177,0.3602473,0.8932812,-0.99682146,2.0551438,0.454133,0.8518819,0.22806843,1.0085577,0.22842018,1.1372164,-0.6572936,-0.8222507,0.8851782,-0.9013669,-1.4277403,0.013271858,0.15170857,0.27016246,0.40047807,-0.8997278,0.448992,0.6799195,0.9506986,-1.6396946,0.23837504,-0.6703141,-0.3248863,-0.15023753,-0.3724291,-0.82027245,0.7791393,0.9740847,-0.088359535,0.391468,0.0028791276,0.20971127,-0.15143086,0.04552703,-0.90947485,0.90423805,-0.7093906,-0.628188,-0.69900435,-0.34753934,-0.1571736,0.068601236,0.5486386,0.071163945,0.41959074,0.680073,0.04964412,0.46952686,1.3028677,0.680743,-0.51848537,-0.014413382,0.9336595,0.6849834,-0.2866631,0.6967495
(,0.3777285,0.7300132,-0.55093384,-0.35561934,-0.44611552,-0.15036571,-0.3868794,-0.19611089,0.06608699,0.22666176,-0.2428649,-0.1264441,-0.5657304,0.40799645,-0.8845113,0.19422342,0.40029967,-1.0899942,-0.41970712,-0.15605102,-0.2483921,-0.13952471,-0.29243553,-0.542148,-0.04741441,0.075980455,0.3757164,0.4764953,0.5155713,-0.24788646,-0.34186897,-0.28312483,-0.12161,0.10381058,-0.18537557,0.2766072,0.48382378,0.4147971,-0.16239443,0.28212142,-0.1428297,-0.3603382,-0.27664748,0.27728382,-0.5345118,0.03634765,-0.40776926,0.03701394,0.74217993,0.51588076,0.9977479,-0.4071655,0.05917475,0.6186695,0.37663797,0.8127316,0.45049793,-0.33811364,-0.8179257,0.3838396,-0.30228478,0.25821334,-0.004223913,-0.037336808
),0.23486793,-0.47471538,-0.38219073,0.7409263,-0.07711511,0.6126849,-0.6948847,0.34961802,0.39219475,-0.06502696,-0.063436694,0.12894045,0.3295033,0.3228958,-0.35382494,-0.24212576,0.41520134,-0.6079083,0.18224138,0.022595445,-0.07739551,-0.20505819,-0.41703176,-0.03155699,0.27065027,-0.011133644,0.00016219512,-0.31806928,0.04530136,-0.8782746,-0.45396265,-0.36419943,0.031822216,-0.25119492,0.3970326,0.28058067,0.03845816,-0.18061984,-0.1452944,0.47052187,0.3125454,-0.31412658,0.6384831,0.093783945,-0.1586264,-0.0063665803,-0.34108138,0.79046077,-0.08806116,0.45519385,0.6175335,-0.16946729,-0.097869925,0.045806706,0.18944432,0.17516714,0.48822534,-0.58005273,0.55350184,-0.32843703,0.464162,-0.038380086,0.46156743,0.34317496
N,-0.4811105,0.2533229,-0.18557534,0.55731577,0.3745186,0.16276462,0.7626284,-0.39010903,0.10817426,-0.33434808,0.1442209,0.0994464,-0.15930837,-0.06961273,-0.59088236,-0.9420198,0.33231544,0.5711226,0.26354066,-0.03665288,0.6669582,-0.4097965,0.08751834,0.27070224,-0.43511713,0.65621257,-0.40500945,0.29507154,-0.34221554,-0.2487392,-0.15010813,0.3183366,0.21746686,1.0206481,0.29333407,-0.36690873,0.33211493,0.24041891,-0.19507676,-0.6237665,-0.30284736,0.29176313,-0.45364195,0.24049069,-0.17897555,0.09302346,0.38721845,0.4561945,0.0028146503,-0.4577971,0.31100786,-0.46432304,-0.03149129,-0.48671305,0.30857384,0.24006778,-0.26976958,0.043516323,0.12336079,0.13051252,-0.1599411,-0.29368073,0.5136071,-0.259306
=,-0.37925062,0.008768635,-0.30948552,0.39157057,-0.54062027,-0.118608974,0.45135066,-1.1804764,0.08482527,0.45482874,-0.41124833,-0.3575041,0.061342403,-0.66495204,-0.18485713,0.4387919,0.32460216,0.62549317,0.28439075,-0.13469142,0.7379645,-0.07342565,0.10182977,0.44159335,-0.038145084,0.2833359,0.0042853937,0.3488575,-0.4770737,-0.19623855,0.035853326,0.66854304,-0.086424194,0.8987276,-0.295436,-0.16032386,-0.054013178,0.12417232,0.35457358,-0.26104856,-0.029665545,0.57208484,-0.4711566,0.21815091,0.47397897,-0.13387156,0.9197915,0.39406154,-0.25899038,0.22578365,-0.0059343227,-0.16463815,0.06949652,-0.46794748,-0.10142414,-0.12575762,-0.5318045,-0.55507976,0.40557706,0.14563976,-0.6735972,-0.28443417,0.32230732,-0.12369996
O,0.22435082,0.6966588,-0.7134652,0.5882764,-0.36285406,0.12602217,-0.95756423,0.4746376,0.06367315,0.10603487,0.25249732,0.1987139,0.49120018,0.072597265,-0.1240046,-0.30101404,0.48733526,-0.7999846,0.13389003,0.32403678,-0.04645583,-0.13897169,-0.35973796,-0.44249308,0.14755926,0.39360246,0.30352908,-0.40797147,0.77354264,-0.18402897,-1.037853,-0.057058148,-0.24664506,-0.10618047,-0.4804236,0.5806318,-0.45328674,0.68033075,-0.42225254,-0.36087522,-0.20725769,-1.0734282,-0.2732253,0.16556883,-0.32418275,-0.6650028,0.078149036,-0.02877492,0.3350652,0.30007264,-0.1643293,0.11317949,-0.035509743,0.6146945,0.34538078,0.58997464,0.31517163,-0.08691321,-0.3542605,0.31953126,0.64844644,-0.2745227,0.0045662527,0.23242265
1,-0.04621397,0.47966242,-0.4736765,0.09128905,0.1957361,0.16818328,0.33698958,0.25399274,-0.27843037,-0.3100672,0.38772428,-0.26182118,-0.50793713,-0.61969835,-0.95192116,-0.36727896,0.5658835,-0.60068256,0.30066356,-0.490601,0.31500542,-0.47636294,-0.058208495,0.10878063,-0.560353,0.2980988,-0.21501343,0.6229889,-0.09876081,-0.208767,-0.84684527,-0.0766423,0.24747014,0.5818233,-0.039747704,-0.336061,0.31235456,-0.2544378,-0.11640477,-0.30033368,-0.37159136,0.11100093,0.41051754,-0.43243694,-0.49233332,0.81742316,0.40494105,0.48110795,0.6256764,-0.1857685,0.52860165,-0.43644896,-0.26553994,-0.14771438,0.2657873,0.27029628,-0.20702863,-0.08072942,0.10392204,0.657061,-0.15234907,-0.30736357,-0.15098599,-0.02719423
2,-0.30768532,0.21778403,-0.43246457,0.24470079,-0.18726869,0.2955516,0.49339768,-1.053102,0.094854645,-0.41411462,-0.105007224,-0.09072431,-0.82029814,0.114720255,-1.3964274,-0.76085776,0.086642206,0.18229854,0.23206295,-0.26003864,0.5490832,-0.22782202,0.2672671,0.17481102,-0.22314447,0.55718356,-0.42156306,0.18341048,-0.10796219,-0.49298775,-0.25874853,-0.35452333,0.41060197,0.9695375,0.15962231,-0.42011258,0.6929421,-0.20526397,-0.08391893,-0.051614113,-0.64347446,0.6822058,0.30688727,-0.011262645,-0.8095266,0.70304555,0.20285876,0.638256,0.079564944,-0.6188491,0.4537848,-0.25164807,0.08018473,-0.2739895,0.35666174,0.76362896,-0.086137176,-0.6536963,0.4014769,0.043937102,-0.5765106,-0.069799356,0.22726429,-0.12525252
S,0.026740065,0.027843416,-0.24778211,0.6239235,-0.04037535,-0.22159381,-0.024217548,-0.7446732,0.051548462,0.25678942,0.05507339,-0.2794797,0.672295,-0.39518633,0.53856766,0.092447855,0.06930888,0.59172803,0.7879339,0.32879046,0.33331206,-0.49479255,-0.41810957,0.6258768,0.09235887,-0.00038036008,-0.6091058,0.27366078,-0.02786787,0.08537578,-0.5615329,0.75384474,0.035948012,0.6382868,0.0789668,-0.22711875,-0.33223662,0.41267422,-0.66652834,-0.7276162,0.37252727,-0.6230217,-0.25914294,0.2192989,0.4932906,-0.7729595,0.49348077,0.40015242,-0.14508091,0.5495333,-0.48139855,-0.17067397,-0.33690387,-0.21493442,0.04394298,-0.023740103,-0.36076248,0.00894288,0.03782494,0.01607607,0.5240999,-0.64918244,0.6020518,0.15020958
l,-0.18726914,0.5441207,-0.038221415,-0.29861143,-0.23994786,-0.4324927,0.58075535,-0.8324134,-0.52563876,-0.90820223,-0.2958152,-0.75190645,0.41332245,-2.2065866,-0.37904987,-0.2953889,-0.47727337,0.5736386,0.038268305,-0.44683328,1.924211,-0.49462286,0.14413674,1.1388916,0.3766499,0.39430913,-0.5967931,0.15872987,-0.98669547,0.33164665,-0.73561406,0.7729696,-0.14511915,-0.09216871,-1.0474753,-0.5455734,0.1665589,-0.40516672,0.8264932,-0.14930972,-0.5963264,0.9682347,1.208629,-0.87869835,0.5606897,0.2097396,0.90335214,0.353596,-0.5606051,0.30902055,-0.87318385,-0.5140924,0.21560846,-1.5630401,0.10014199,-0.65696144,-0.38674203,0.122632764,-0.139794,-0.31408253,-1.6001976,-0.9276476,-0.19544818,0.22122152
.,0.1435317,-0.6712135,0.68290585,-0.678285,-0.50075275,-1.1423626,-0.8778394,0.5124535,-0.8758792,0.2588668,-0.9860453,0.54989225,-0.17547978,0.041282043,1.1588372,0.5509475,-0.22564255,1.2182834,-0.6386386,0.78568864,-0.5244263,-0.9141049,0.8067208,0.4042285,1.1194917,-0.184675,-0.9508263,-1.1748248,-0.60984635,1.2539746,0.17259964,-0.94032466,0.25123733,-0.6922682,0.15086588,0.45408568,0.44015053,-1.029411,0.02675908,0.42272088,0.10236299,0.24725288,1.333268,-0.36743975,0.6056256,0.6685169,-2.0396175,-0.18631695,-1.2996565,0.4650492,-0.35619664,-0.3070881,-0.26497266,0.0776958,-0.9406265,-1.398687,-0.14353673,0.72982466,0.024802038,-0.27362755,-0.057228368,0.87476206,-0.571254,-0.79655653
\,0.17746855,-1.0188203,-1.6980501,1.748719,-0.8523212,-1.1458924,-0.08132536,1.3173591,-1.3592259,-0.069681145,0.044577505,-0.20445128,0.21427837,0.43846214,-0.14154522,-0.023977371,1.7355542,0.2333762,0.75114167,-0.15933324,-1.4829202,0.2166217,-1.2431407,0.03633078,-0.77669024,-0.84132445,-0.3330932,1.0629134,-0.72404224,-0.36575606,0.96340644,-1.5398055,0.8699422,-0.3101531,0.047685426,0.83542323,-0.6205785,0.8163382,-0.68755376,-0.5578571,0.2510497,0.21980764,-1.6823728,-1.2145287,0.7541602,-0.41839534,0.3928829,-0.90568554,-0.8676176,-0.6020076,1.4710058,-0.49900445,1.0544435,-0.30550322,0.58899325,-1.0702384,0.601928,-0.14738664,-1.0396382,0.28096482,-2.6568701,-0.104020536,0.6953896,-0.8594954
3,-0.6246407,-0.018305447,-0.21182367,0.13752493,-0.25066933,0.035541125,0.7581324,-1.9315164,0.40353736,-0.7460331,-1.0236552,0.49064964,-0.73840207,1.0517114,-1.4802309,-1.5640925,-0.31380206,1.1501404,-0.6284161,0.34217668,0.82862884,-0.2678361,0.56104636,-0.10380913,0.5125547,0.872029,-0.6069197,-0.7139778,0.045803443,-0.46795356,0.54392433,-0.53502375,0.4179922,0.9089035,0.2516395,-0.16703719,1.2405885,0.14415543,0.024752365,0.308889,-0.5381362,1.0263273,0.03703506,0.61433613,-0.6336636,-0.04125733,-0.6316154,0.14315563,-0.7195743,-0.7836213,0.17857496,-0.14358667,0.5556564,-0.4796206,0.2620287,0.66840154,0.22775203,-0.7999105,-0.091667466,-0.748609,-1.2710348,0.4097057,0.54751235,-0.21433195
P,1.4507831,-0.09281072,-0.6693394,0.71047914,-0.37603244,0.0851283,-2.1798453,0.89778775,0.495014,1.0043607,-0.08573284,-0.13555248,1.4320655,0.48135924,0.8472224,1.1646357,0.8871256,-1.480127,0.38588333,0.09882186,-0.5073928,-0.42648908,-1.0489364,-0.231502,0.8288668,-0.11189932,0.24178573,-0.28510028,0.82576406,-0.33214197,-1.3648144,0.8417263,-0.7919521,-0.47346994,-0.62088764,0.93135893,-0.9998013,0.5696636,-0.6444956,-0.086029194,1.4084207,-1.5455774,0.33634767,1.0081315,0.5143211,-2.189979,0.13999288,0.05494765,0.39823535,2.7022069,-0.36083508,0.33188838,-0.99768406,0.93212813,0.005643683,-0.004604963,0.45029372,-0.5684996,-0.33859372,-0.35390443,1.9546521,-0.5187629,0.26951623,1.3162262
/,0.3863559,-1.2832589,-1.3199179,1.5015606,-0.87633085,-1.0512823,0.13067058,0.48628017,-1.1245915,-0.15697253,-0.23538516,-0.27050486,0.47104463,0.6463213,-0.01537768,-0.12695721,1.3256449,0.9479742,0.6938163,-0.03440948,-1.0220829,0.04555568,-1.2015059,0.18982898,-0.6240455,-0.67764723,-0.73602533,0.739223,-0.8166688,-0.2222179,1.1852534,-1.256554,0.6791296,-0.08970896,0.12940095,0.57990897,-0.5388949,0.69886565,-0.5731031,-0.5383517,0.4213886,0.5859313,-1.3548405,-0.57749677,0.88091046,-0.88806665,0.24196531,-1.0386748,-1.1548643,-0.5246217,1.0595454,-0.5201145,0.7711506,-0.58994204,0.4721978,-1.0055809,0.43304238,-0.15673979,-0.9642005,-0.06717445,-2.628035,-0.12471042,0.7641707,-0.6763525
4,0.077499524,-0.91958106,0.25782904,0.35246712,-0.41005024,0.31850278,0.5866549,-1.4767746,0.9161199,-1.248341,-1.2431624,0.55120224,0.5535597,2.2616544,-1.6261172,-1.4924219,-0.1061836,1.3884014,-1.2933983,0.01451554,1.0753036,-0.64338905,0.062743165,-1.2208295,0.89361286,0.6480764,-0.9814874,-1.5159824,0.11332939,-0.7207606,1.9640656,-1.1898729,-0.010118373,-0.6141608,-0.03862116,-0.27430752,0.54156184,0.6582417,0.20250894,1.0280812,-0.15170309,0.47702143,0.71112823,2.008688,-0.73542535,-1.6068777,-1.4061466,-0.81223917,-0.7954841,-0.68533045,0.23280834,-0.13086662,1.1725335,-0.45756537,1.2044158,1.0667582,0.9345288,-0.4231149,-1.0251217,-1.5952462,-2.195457,0.3826401,0.7941958,0.1657451
o,0.13224706,-0.27656907,0.3190133,-0.5709542,-0.1082667,-0.40452304,0.110868394,-0.34838268,-0.39851347,-0.023670116,-0.24811181,0.14896151,0.12239171,0.13023616,0.56502634,0.108017415,-0.21776372,0.8541558,-0.2342222,0.31890607,-0.07891911,-0.42044502,0.037165713,0.07903078,0.32019237,-0.1151964,-0.59872276,-0.2774604,0.091344535,0.6628918,0.21526112,-0.23924077,0.20703772,-0.0058040754,-0.08065307,-0.13815504,0.3729291,-0.23232032,-0.1732054,-0.07624006,0.15455751,-0.04984256,0.5444387,0.054374706,0.38153157,-0.04532608,-0.6562653,-0.3670068,-0.4725288,-0.07585101,-0.42608967,0.07683243,-0.20782803,0.03621218,-0.2370375,-0.58243847,-0.10583255,0.43155086,-0.26910448,-0.20488077,-0.22581135,0.101934835,-0.3664091,-0.23830819
+,-0.06819472,-0.5131151,0.9221863,-0.69530267,-0.7468328,-0.8975708,0.22856154,-0.4094999,-1.5188667,-0.30282298,0.02361024,1.0735805,0.625237,-0.1702444,1.5813727,0.09984603,-0.4767825,2.7843504,0.08839044,0.85414046,-0.43577287,-0.3387308,0.8913103,0.5256136,0.45580968,-0.1632156,-1.3931651,-1.1237925,0.042524945,1.4835157,0.5805446,-0.75079596,0.94073087,0.050606593,-0.09849946,-0.035771225,0.04855352,-0.29352105,-0.56483585,-0.26581493,-0.33191878,0.2803459,1.4092803,-0.3436124,0.33872235,0.32786983,-1.1776527,-0.59629005,-1.1862692,-1.3021212,-1.4522215,0.52924424,0.3302032,0.03659319,-0.566649,-1.1861801,-1.1343704,1.1591358,0.112393625,-0.019966759,-0.6564364,0.13531418,-0.88259214,-0.79356635
#,-0.44996223,-0.18148324,0.15012209,-0.39371657,0.002126926,0.092542745,1.0698062,-0.43082076,-0.41250026,-0.0674701,0.1680869,0.0024541449,-0.22725311,-0.63370216,0.040287644,-0.0361264,0.12192067,0.9348293,0.044742662,-0.12610604,0.50772274,-0.0056322995,0.14886035,0.37716386,-0.4281157,0.006608606,-0.0991975,0.37620747,-0.5295126,0.17656982,0.3776933,0.07224734,0.28686687,0.61605966,0.12776674,-0.4567295,0.5234079,-0.44923368,0.40744376,-0.22033432,-0.19955984,0.86821115,0.14812344,-0.4177941,0.38859504,1.0060017,0.29816177,0.18174079,-0.3469513,-0.86829704,0.1511818,-0.28006792,0.027525626,-0.5497661,-0.31173062,-0.6535052,-0.5403766,0.28129768,0.39815548,0.27162454,-0.8512252,-0.07159486,-0.30843756,-0.4645685
-,1.1103063,0.009376587,-0.1735619,-0.52600855,0.022563856,-1.478512,-0.9686755,0.8551451,-1.7123021,0.44453076,-0.2832772,0.47315466,0.1596827,-0.016706226,1.6038984,0.38017866,-0.101519935,0.43021265,-0.17903182,0.12070146,-1.3844638,-0.77102846,-0.16883485,1.4569627,0.81591815,-0.32750088,-1.4254639,0.52314895,0.5307462,1.5603844,-1.4565006,0.36474833,1.1445442,-0.35919076,-0.037630737,0.6009301,0.7010049,-0.06993062,-1.4276941,-0.2343703,0.6669359,-0.7752372,0.5127869,-1.018805,0.6890578,-0.7504746,-0.9435981,-0.2209258,-0.043024506,1.6435922,-0.44019392,0.84626853,-0.3057616,0.45006755,-0.17124675,-1.362163,0.46000084,0.8543604,-1.1023005,-0.6994042,0.6872391,0.03743374,-0.4822161,0.23466781
F,0.5237111,-0.028408118,-0.022889629,-0.81706387,-0.38140357,0.82125247,1.2354012,-0.9884204,-0.55795014,-1.133446,1.0706351,0.79275113,1.0563605,-0.7869419,-0.041001327,-0.529554,1.2877219,0.33618605,0.6782189,0.34388912,0.8145592,0.69287443,-0.9981673,-0.15027654,-0.7485415,0.11860738,1.1387889,0.6039873,0.31273016,-1.1565006,-0.18208028,0.96581143,-0.45024303,1.5259703,-0.7266614,0.42853704,0.7101523,0.42410845,0.5523994,-0.3499823,1.2577472,1.3782866,1.4662784,0.29388204,0.76226264,0.09689549,0.6478113,0.21818784,-0.05955997,-0.30921045,0.33946076,-0.6939986,-0.6746701,-0.271218,-1.0719635,-0.982268,-1.3878126,-0.8726673,0.35840696,0.6029783,-0.5991104,-0.9332267,-0.6100191,0.8134877
5,0.73160934,-0.81864864,0.45554703,0.44819012,-0.6090479,-0.0112809185,0.19965486,-0.8904709,0.5392535,-1.0080695,-0.7921806,0.2614349,1.5296503,1.7861767,-0.77293694,-0.42860097,0.43879697,0.926443,-0.40877885,-0.054417312,0.4520192,-1.3027006,-0.636091,-1.2685719,0.4275213,0.14068033,-1.375914,-0.70866597,0.7269808,-0.24755475,1.2549756,-0.67095464,-0.025630485,-0.6130824,-0.5182704,-0.3835489,-0.34888455,1.2298465,-0.59073883,0.6050287,0.42935532,-1.0960455,0.96030074,1.987939,-0.3950694,-2.1845982,-1.0375041,-0.8590982,0.3841721,0.14090133,0.0093163205,-0.1473985,0.68172014,-0.020145904,1.4381425,0.9835744,0.060267374,-0.14375992,-1.364291,-0.7939249,-1.6337197,-0.18926735,0.9090505,0.25718114
B,-0.422045,-0.8490363,-0.5990922,-1.3958865,0.10061805,0.12844461,1.2209228,-1.5895338,-0.26934385,0.27939293,-0.43801352,-1.0916871,-0.34376344,-0.73094743,1.3040512,-0.2892445,-1.0640732,1.1544691,-0.1839993,0.733216,0.11256382,0.41560847,-1.626122,0.123962194,-0.67295897,-1.2408531,-0.09127184,0.09750186,0.032667007,1.102737,0.29370236,-0.99641776,0.062370136,0.31649077,0.18749182,-0.80912393,0.73636496,-1.6699356,0.9535083,-0.6174167,0.27842408,0.42493567,-0.6154537,-1.2911961,2.2567444,1.1052089,0.34706542,-1.6219112,-1.783076,-1.7617946,-0.7011489,0.5644625,-1.3325204,-0.44433695,-1.2631676,-1.8904637,0.8103406,0.5510255,0.3071547,0.3385991,-1.5234122,0.18191816,-1.3079244,-0.7593126
6,0.7729957,-0.58470696,0.65836966,-0.39124164,-0.34910265,-0.06557393,0.20038885,-0.7292073,0.14106224,-0.5026912,-0.476956,0.51541656,1.3927639,1.2853589,0.2038363,-0.10113466,0.18818891,1.2200291,-0.50066054,0.31230336,0.21245979,-1.1065772,-0.40575182,-0.9818678,0.41364187,0.044414833,-1.1248564,-0.88779753,0.8525998,0.35215497,0.8272815,-0.28090328,-0.02929143,-0.26442665,-0.32234484,-0.32793728,-0.06993044,0.72778875,-0.5893745,0.25760582,0.62035394,-0.9350737,1.1043383,1.7337825,0.049809325,-1.6454475,-1.2078009,-0.9228876,0.18384783,0.062488284,-0.52012247,0.09725379,-0.0024763735,0.2848665,0.5294078,0.25002193,-0.30862874,0.42454416,-1.0346818,-0.3994839,-0.67810273,-0.04272111,0.11991117,0.23860282
7,0.49332,-0.49016428,0.58058625,-0.66863674,-0.26763347,0.0083705885,0.22933514,-0.68105835,0.04295468,-0.25444162,-0.19461292,0.40354735,0.8426876,0.8924367,0.38473213,0.12639965,0.0858505,0.98481447,-0.35726047,0.37804574,0.09044352,-0.614468,-0.26833323,-0.77506256,0.33018896,-0.07350179,-0.59343266,-0.67418826,0.6097317,0.3240999,0.76742256,-0.2922014,-0.095338464,-0.0337974,-0.23872925,-0.25489774,0.1704044,0.27025652,-0.29500347,0.11019283,0.55925083,-0.46278718,0.99210596,1.2358122,0.19286154,-0.837161,-0.97166413,-0.69090086,-0.14927648,-0.12027971,-0.46294054,0.042525504,-0.23962992,0.35557374,0.019943926,-0.11696965,-0.31670827,0.34237763,-0.55683136,-0.23336244,-0.30624554,-0.00046818057,-0.247045,0.07275608
G,0.1372573,-0.24831761,0.15626998,-0.39381966,-0.1396067,-0.21798752,0.094067544,-0.22434404,-0.31589308,0.09003208,-0.1338223,0.09407231,0.11551242,0.07420758,0.41121885,0.13539408,-0.026587429,0.68772787,-0.13863726,0.18077447,0.02694639,-0.32343978,0.007408164,0.124726735,0.18346712,-0.042105384,-0.43404058,-0.16531485,-0.029968366,0.44452015,0.13790679,-0.123339266,0.14807566,0.07215364,-0.012228957,-0.10526571,0.29607236,-0.20064498,-0.10148225,-0.10279566,0.1178732,0.08190691,0.3770273,0.08984727,0.298116,0.014620245,-0.42804852,-0.20780346,-0.40382415,-0.053489484,-0.21778946,-0.037975494,-0.19210956,-0.013112554,-0.18864283,-0.45777875,-0.10010406,0.34670103,-0.14267339,-0.13867047,-0.18379752,0.05043571,-0.25732866,-0.16802531
d,0.10532074,-0.2111331,0.08733785,-0.29071563,-0.16511667,-0.17486437,0.069525495,-0.23393162,-0.27548814,0.122613795,-0.12206517,0.011359183,0.06665193,-0.023132736,0.3151181,0.1962188,0.014237504,0.5605579,-0.057110768,0.09189606,0.08650886,-0.32849294,-0.0280242,0.20962086,0.13382758,-0.011414159,-0.39769697,-0.007897395,-0.089439936,0.3735185,0.046782624,-0.060017593,0.14252633,0.114032224,-0.038134214,-0.13050722,0.28086448,-0.19094731,-0.07407656,-0.105729274,0.078023955,0.091277145,0.32067877,0.015533561,0.27448958,0.06403369,-0.29773298,-0.050888542,-0.33560658,0.04407806,-0.11044375,-0.07374053,-0.16970694,-0.047982186,-0.1256138,-0.4004613,-0.09111783,0.24655621,-0.08036385,-0.13733093,-0.17118753,-0.017519023,-0.17350464,-0.16243692
r,0.1732926,-0.58671683,-0.5805715,-1.4435954,0.09593515,-0.14732191,1.2896107,-2.0625956,-0.7804113,0.13255493,-0.1779158,-1.71886,-0.37683555,-0.9853947,1.0736507,-0.22033148,-1.0345293,0.9713104,0.19593902,0.34527838,0.1644115,0.1454898,-2.0576005,0.7341775,-0.79436255,-0.94858044,-0.39670727,0.9816501,0.17092425,1.504734,-0.18589675,-0.428493,0.16330619,0.50295794,-0.016038977,-1.012989,0.843438,-1.5335914,0.52881795,-1.1106062,-0.045731653,0.40215188,-0.77885836,-1.5650389,2.1281612,0.90472615,0.6922111,-1.5021948,-1.1204854,-1.6907334,-0.7595579,0.15957648,-1.4903569,-0.86060584,-0.7792128,-1.5348568,0.67671263,0.736612,-0.14790188,0.3396408,-1.6095992,-0.22624482,-1.3841394,-0.66407394
I,0.28281412,-0.021787303,0.1284502,-1.2167172,-0.034130305,0.15675324,0.31713122,-1.392072,-0.22463967,-0.14489514,-0.19728824,-0.6796136,0.22254784,-1.3640788,0.627499,0.4392405,-0.8466868,0.13160965,0.16235441,-0.17226729,0.46828145,-0.257614,-0.8972148,0.7852572,0.24672663,-0.33557183,-0.48290974,0.74735767,0.44391915,0.5795208,-0.9495886,0.59391904,0.20740399,0.2939815,-0.8570783,-0.58647424,0.7699132,-0.9143827,0.25527945,-0.063197784,0.44066063,-0.08738469,1.5009779,-0.64865065,1.2137041,0.08100686,0.47167537,0.14102934,-0.22961785,0.5841288,-0.9892444,0.72774684,-1.0596701,-0.32378805,-0.39989397,-1.1612687,0.014162474,-0.11542894,0.35682967,-0.4847791,-0.08028012,-0.7506002,-0.8663189,0.40313703
a,0.21489918,-0.35374635,0.22187817,-1.120691,0.022397993,-0.4446008,0.31843606,-0.06094055,-0.9530585,0.3235648,0.005009778,0.42716613,-0.13210742,0.29885173,0.8659055,0.20411728,-0.15162595,1.4248981,-0.62695134,0.20608877,-0.22490108,-0.6185628,0.2997052,0.31510362,0.41450766,-0.10813604,-0.997725,-0.30481485,0.058014758,1.1491247,0.3158577,-0.45070472,0.723405,0.07771027,0.2502547,-0.3395278,1.0192486,-0.5642373,-0.4827344,-0.24382985,0.051576663,0.19518486,0.8263877,-0.0619008,0.33775228,0.37468272,-1.1061968,-0.44612527,-0.8035192,-0.3935336,-0.40525794,0.23016651,-0.21172106,0.21363473,-0.30108187,-1.0521808,0.06833779,1.1541476,-0.46853098,-0.38973162,-0.18790515,0.19147108,-0.9048607,-0.38403493
e,0.4098315,-0.67365795,0.93798316,-1.6097707,-0.23963174,-0.055552743,0.8600315,-1.0297657,-0.6416435,-0.52652115,-0.19775485,1.0377923,0.36023882,0.42166632,0.7121498,-0.15290433,0.083029985,1.47469,-0.49648052,0.80101407,-0.14616095,-0.26354507,-0.024961343,-0.3483177,0.1476711,-0.24174157,-0.28417388,-0.59514153,0.4800719,0.37694326,0.64089555,-0.26544052,0.18293276,0.60310924,0.16760379,0.016067468,1.1658155,-0.44717675,0.0976453,0.3881917,0.92616373,0.6655571,1.7678587,0.53160405,0.5943358,0.42111498,-1.5300889,-0.43893263,-0.45223016,-0.55680346,-0.11790892,-0.13835618,-0.59829897,0.19877946,-1.1592128,-1.0946864,-0.93265224,0.18703558,0.047664564,0.16157919,-0.46144712,0.4602809,-0.88755757,-0.06339469
A,0.2383089,-0.032426894,0.3391363,-1.0205599,-0.002554167,-0.66127163,-0.093404695,-0.38982114,-0.60892296,-0.057082158,-0.5013784,-0.19260167,-0.14544298,-0.55079395,0.5870348,0.28962567,-0.72887033,0.64902675,-0.5109966,-0.00786564,0.27889886,-0.6633511,0.21913268,0.7364935,0.8534238,-0.12443484,-0.91332144,-0.14277619,-0.17295378,1.0305151,-0.32480413,-0.021880236,0.35427612,-0.40992168,-0.30207837,-0.3227058,0.7911474,-0.7401724,-0.032590356,0.13804041,-0.020156866,0.107731156,1.1939617,-0.50236005,0.47539425,0.20548323,-0.6920661,-0.046401147,-0.60814136,0.56528956,-0.69920206,0.17453891,-0.22426505,-0.26284266,-0.20506631,-0.87653327,0.25113344,0.5810455,-0.38663885,-0.7099089,-0.2748489,-0.05075153,-0.6085904,-0.02529333
t,0.21323666,-0.06282841,-0.0056236107,-0.20538504,-0.1850611,-0.08263581,-0.057270937,-0.13251914,-0.2068737,0.14024827,-0.03390355,-0.044436563,0.15265745,-0.06780802,0.2153871,0.22577074,0.059847847,0.2427576,0.011870959,0.012380112,0.0657864,-0.25993875,-0.123441935,0.16274224,0.065672316,-0.022829639,-0.27657124,0.066710606,0.035117555,0.23872143,-0.14344248,0.040595073,0.0680524,0.06640261,-0.082984045,-0.05679352,0.15163049,-0.05689573,-0.11404792,-0.08828205,0.07318431,-0.06751065,0.24980858,0.02604375,0.16115338,-0.045017246,-0.13964848,0.011655956,-0.095905654,0.18194479,-0.04810327,-0.057564374,-0.15628527,0.016956946,-0.0017703726,-0.18559925,-0.043834258,0.14930587,-0.119639896,-0.06824987,-0.04396518,-0.089114435,-0.108302206,-0.023131292
g,0.14068487,-0.24372052,0.1436946,-0.7082424,-0.12950715,-0.3568731,0.059639093,-0.18453284,-0.54695535,0.2807817,-0.12837961,0.053823486,-0.0904633,0.025542187,0.6191457,0.30064034,-0.0761327,0.9229643,-0.30176142,0.21878578,0.080896005,-0.5969838,0.07425666,0.32114136,0.34325552,-0.003362629,-0.6755881,-0.14492713,-0.13360912,0.827551,0.082832664,-0.23931196,0.27857897,0.08385797,-0.017524173,-0.22881342,0.65766734,-0.43937325,-0.17475681,-0.26526865,0.02768753,0.11047208,0.53082967,-0.05514732,0.41386536,0.28875554,-0.715828,-0.18717529,-0.69177455,0.013357265,-0.27525702,-0.114964366,-0.34518182,0.01690412,-0.25157008,-0.77375185,0.052338958,0.6846774,-0.27216238,-0.2799213,-0.10845585,0.052669626,-0.527707,-0.38240397
8,0.4905444,-0.521775,0.59222037,-0.90667564,-0.2513705,0.063435964,0.20885007,-0.45651862,-0.158691,-0.19268914,-0.07431075,0.5629257,0.7449768,0.6078845,0.64945364,0.1413439,0.06905986,0.8871239,-0.3640276,0.5537135,-0.115027525,-0.25738454,-0.19956742,-0.68890345,0.23133597,-0.21498746,-0.21101202,-0.7768711,0.53355974,0.2976966,0.64146763,-0.31581804,-0.1418233,-0.022634761,-0.07394638,-0.0048615537,0.2437005,-0.046209577,-0.045565035,0.1786773,0.6670954,-0.101780795,1.0854131,0.88313353,0.3795548,-0.39194605,-1.0469337,-0.6977306,-0.3360339,-0.2843999,-0.41818398,0.04138098,-0.4084151,0.39647728,-0.5024753,-0.4879379,-0.41648877,0.34159634,-0.24224153,0.014916742,-0.11519057,0.18240826,-0.58156526,0.08979388
9,0.3033507,-0.30745825,0.21294199,-0.5107417,-0.2449396,-0.18231435,-0.044552933,-0.23145963,-0.23919639,0.04059683,-0.11866955,0.14052083,0.39111018,0.27392635,0.52747655,0.24783307,-0.020012384,0.5873817,-0.20557189,0.2923413,-0.1005982,-0.3229898,-0.20818035,-0.21068192,0.28341505,-0.19172388,-0.3695085,-0.35157,0.2660031,0.46181014,0.27432567,-0.28808826,0.037253782,-0.14950737,-0.16648324,-0.054794256,0.17141283,-0.072134994,-0.14972037,-0.027313441,0.29117978,-0.2333004,0.56816626,0.31275073,0.34327322,-0.25994024,-0.62101555,-0.4535012,-0.3677399,-0.031897865,-0.3427793,0.058975723,-0.22981259,0.21848983,-0.1597936,-0.4252022,-0.048264388,0.3636098,-0.3318853,-0.14841817,-0.18545681,0.019578988,-0.36721703,-0.072270535
%,0.28955358,-0.34987843,0.2457898,-0.40364164,-0.34702376,0.284013,-0.007684956,-0.5172528,0.35335654,0.1353271,-0.37477553,0.23109585,0.71891886,0.7416779,0.16664101,0.14026919,-0.029569095,0.6554382,-0.57457596,0.25511846,0.38270414,-0.33478206,-0.18397525,-0.6732185,0.39242142,0.045205466,-0.20992953,-0.864329,0.48509827,0.20242684,0.5415412,-0.20925452,-0.24747452,-0.27180007,-0.18840882,-0.11847525,0.045177523,0.17434418,0.08316446,0.2548285,0.21429944,-0.32792634,0.42789495,1.0251203,0.12817737,-0.67523587,-0.662833,-0.5480754,-0.23017213,-0.13477531,-0.3949967,0.17778578,-0.05961921,0.2623681,0.048441738,0.112434216,0.05036416,0.2435523,-0.3302038,-0.29901195,-0.26554847,0.17678589,-0.17500538,0.1411283
0,0.17903067,-0.15269315,-0.0059800907,-0.29945794,-0.19356464,0.02912026,0.034918923,-0.23575939,-0.12154315,0.12223197,-0.046961054,0.0059499736,0.22467455,0.08783662,0.19424318,0.13304521,0.044229627,0.40975654,-0.12800384,0.08895912,0.17716126,-0.26158744,-0.1447178,-0.018595112,0.10088616,-0.0027424186,-0.24118337,-0.16783781,0.07059425,0.24898009,0.060748506,-0.0804863,0.019177472,0.03767069,-0.06556581,-0.10370802,0.19830061,-0.08410889,-0.03312417,-0.08068769,0.07617076,-0.011867264,0.306484,0.214746,0.18674693,-0.072433345,-0.26962468,-0.15008985,-0.260183,-0.03015116,-0.13223253,-0.042297967,-0.1832037,0.04130747,-0.062688574,-0.21090335,-0.0006859307,0.24555019,-0.14068007,-0.09967757,-0.15166637,-0.04441453,-0.21122937,-0.035353452
M,0.28763124,-0.39111796,0.2107619,-0.96936274,-0.17943542,-0.46204424,0.11638986,-0.31703374,-0.75840396,0.2381038,-0.18688795,0.22198102,0.10195158,0.16732694,0.8900287,0.25789434,-0.14991501,1.316272,-0.44244078,0.33522785,-0.016611215,-0.7120951,0.021824729,0.31220853,0.48437208,-0.1008821,-0.9511438,-0.319186,0.04596805,1.1023769,0.16653799,-0.35269085,0.4424621,0.040425748,-0.028988028,-0.2548608,0.81706357,-0.4814246,-0.33919343,-0.25440308,0.15272273,0.03744343,0.8272967,-0.0047279624,0.5746729,0.13764761,-0.9952609,-0.43051642,-0.8472431,-0.0907204,-0.5135586,0.060084894,-0.359982,0.091109216,-0.32052234,-1.0319098,0.03506957,0.89781576,-0.45204845,-0.40261167,-0.27304468,0.06268674,-0.72991085,-0.35664397
K,0.17724894,-0.3043095,0.117157914,-0.5456223,-0.22012526,-0.2584133,0.039098762,-0.20937227,-0.50092465,0.21651454,-0.09463958,0.0657114,0.016315708,0.05990384,0.53453493,0.32283783,0.034800336,0.8126503,-0.1635277,0.12965803,0.036666594,-0.5422878,-0.014976097,0.3119094,0.28817058,-0.02525993,-0.63066065,-0.00080135174,-0.06738469,0.63858175,0.06186722,-0.19005297,0.30464232,0.11153001,-0.059762865,-0.1899512,0.5828647,-0.32109532,-0.22038795,-0.17437053,0.10624908,0.03994427,0.5831505,-0.041879777,0.368779,0.19198132,-0.5797758,-0.059657957,-0.53455144,0.08937989,-0.16298558,-0.06279893,-0.2533715,0.03470913,-0.14618543,-0.6682292,-0.020969605,0.46529475,-0.19446787,-0.30994198,-0.15809576,-0.04327474,-0.37050375,-0.27586192
u,0.14086062,-0.2509018,0.14918397,-0.4368264,-0.12810796,-0.24349025,0.118336216,-0.31350386,-0.31877136,0.08944382,-0.1985752,0.0018082157,0.07319213,-0.005543894,0.39244878,0.1545603,-0.1201242,0.6897264,-0.19502905,0.1232784,0.112083964,-0.40408617,-0.0065254127,0.22282222,0.23720668,-0.048945073,-0.5182487,-0.1217047,-0.06826977,0.5136698,0.0911505,-0.11324249,0.18157399,0.01982929,-0.029210653,-0.18700743,0.36397585,-0.27667108,-0.08722513,-0.07376519,0.079393394,0.080787435,0.4298747,0.019871686,0.3390793,0.030819952,-0.4216316,-0.17373213,-0.42032537,0.021684421,-0.24225083,-0.011105927,-0.19590804,-0.093947776,-0.14045455,-0.4933377,-0.023184804,0.35685763,-0.16841681,-0.23483591,-0.24506004,0.023906624,-0.27093703,-0.1633304
s,0.07515684,-0.101981506,0.08954914,-0.3059937,-0.015957298,-0.20667058,0.0020149339,-0.12867385,-0.23437865,0.07166077,-0.044867083,-0.059126455,0.06351553,-0.1556878,0.37375644,0.16899043,-0.12687325,0.36396414,-0.031379145,0.08666076,0.047456373,-0.224998,-0.04281073,0.22516005,0.18358687,-0.06838152,-0.3036607,-0.015761895,-0.029837245,0.3876977,-0.057853904,-8.16978e-06,0.10518433,0.007174445,-0.09174305,-0.11975057,0.17629983,-0.224595,-0.07834973,-0.14677112,0.08572817,-0.022244446,0.3082541,-0.12005792,0.28158233,0.023039786,-0.15361805,-0.083281554,-0.28823766,0.10445185,-0.30240706,0.033141363,-0.19542563,-0.04420127,-0.13278677,-0.3972886,-0.020336479,0.2669254,-0.08160528,-0.13778092,0.010875933,-0.08478792,-0.23729989,-0.07038819
i,0.2937054,-0.26191816,0.12377704,-0.6701087,-0.06624185,-0.42663124,0.00771829,-0.569351,-0.45972487,0.22959217,-0.13098876,-0.09282293,0.047168132,0.12319685,0.7796091,0.25207356,-0.40129,0.7835455,-0.14065042,0.3138402,-0.2369289,-0.37813416,-0.19874406,0.2772571,0.36820436,-0.26422116,-0.6941748,-0.08330952,0.24325866,0.8322937,0.020676764,-0.18185085,0.30983505,0.017377831,0.023969082,-0.24338455,0.45813677,-0.3380493,-0.41585463,-0.25230813,0.2126311,-0.24033211,0.40510875,-0.047871865,0.45661035,-0.15605666,-0.5622746,-0.39509237,-0.5235162,0.0060784495,-0.5603146,0.23272279,-0.38189006,0.16238521,-0.20608616,-0.56303537,0.18011786,0.5443816,-0.36856064,-0.3133977,0.069010936,-0.020390263,-0.48230758,-0.15166065
L,0.08402874,-0.13159859,-0.020974183,-0.2646212,-0.12395161,-0.04938233,0.023223624,-0.10659728,-0.2161769,0.15192679,-0.026420161,0.05566777,0.07056911,0.031029996,0.24727502,0.11780507,0.05379782,0.43267825,-0.13515623,0.08436892,0.0933244,-0.26924476,-0.03301979,0.12284199,0.13845342,0.01927925,-0.2831296,-0.08595545,-0.022316106,0.30004087,0.0143249165,-0.09932287,0.12575747,0.060172502,-0.016472494,-0.09302908,0.28252542,-0.13968326,-0.09228841,-0.110029526,0.012694371,0.030951602,0.24188273,0.04130117,0.18598887,0.08040897,-0.2776845,-0.06820763,-0.2941109,-0.028632853,-0.09476409,-0.034297053,-0.12206911,0.011970588,-0.06548634,-0.30627093,0.03190504,0.29052186,-0.115050934,-0.123856306,-0.100850776,-0.01692321,-0.20538294,-0.11715002
Z,0.07301198,-0.24702509,0.051663816,-0.52300453,-0.10921741,-0.16491555,0.20531021,-0.31386995,-0.36527923,0.14303982,-0.102447644,-0.023657853,-0.069104895,-0.010561924,0.37138495,0.17204219,-0.053324915,0.71077234,-0.18453561,0.0880927,0.10595639,-0.35622227,-0.061067052,0.2400004,0.16462338,-0.06028317,-0.4687215,0.016651327,-0.10811999,0.5132808,0.12184369,-0.19171008,0.24340345,0.15112437,-0.014559771,-0.2374982,0.53337693,-0.3586048,-0.06626981,-0.15560867,0.051287964,0.18459477,0.39070755,-0.07413597,0.3691603,0.24085067,-0.38550466,-0.13805115,-0.51637214,-0.10297135,-0.13742416,-0.04873176,-0.23567732,-0.06183752,-0.17532201,-0.59448785,0.032104827,0.39221045,-0.13551502,-0.23104866,-0.2960512,-0.015416894,-0.3556268,-0.24532053
n,0.11409478,-0.25076118,0.20167461,-0.7166109,-0.07907703,-0.24253194,0.20454517,-0.3748827,-0.42985103,0.13842447,-0.18742989,0.049293946,-0.07684372,-0.047312714,0.47961345,0.17783947,-0.15472879,0.82952005,-0.279625,0.14971507,0.15715152,-0.5045554,0.04732487,0.33811697,0.2868372,-0.013326468,-0.59659064,-0.04570615,-0.08673736,0.66136044,0.05812878,-0.09927023,0.26178408,0.14433995,-0.0021749574,-0.24693406,0.68597645,-0.44727913,-0.07965736,-0.109403536,0.07734087,0.2038247,0.6001056,-0.045407303,0.40680215,0.25874388,-0.58855647,-0.10248636,-0.53063166,0.025794933,-0.22577478,-0.04021135,-0.3079003,-0.07605909,-0.26170078,-0.68135184,-0.015788922,0.4789283,-0.16702601,-0.29769868,-0.19896683,0.045873966,-0.4304065,-0.24161927
R,0.08151753,-0.15232271,0.030152678,-0.24009107,-0.1281817,-0.072857894,0.05280763,-0.17941712,-0.19130442,0.11823552,-0.035124894,-1.09400935e-05,0.042061824,0.021836001,0.22377314,0.15695114,0.03098647,0.41939434,-0.063139975,0.06434019,0.09154039,-0.2395255,-0.03190707,0.124492906,0.12095792,2.4819914e-05,-0.284898,-0.02204563,-0.045592472,0.2615805,0.053178947,-0.0857815,0.10302744,0.094133876,-0.033562038,-0.119780794,0.25232625,-0.14578424,-0.06496314,-0.10840678,0.04925051,0.06659131,0.2566219,0.04308282,0.1864447,0.06786571,-0.22103372,-0.039708063,-0.295157,-0.0066214227,-0.092956394,-0.056752425,-0.13704263,-0.014634545,-0.066583045,-0.29697376,-0.02990136,0.21088411,-0.06293153,-0.1245829,-0.118843004,-0.03996858,-0.1739185,-0.12129852
W,0.056612607,-0.08798567,-0.027681932,-0.10835409,-0.09536574,-0.011900658,0.02474779,-0.14570256,-0.06446679,0.09303571,-0.024524286,-0.079909176,0.005209593,-0.004186066,0.06624638,0.13746879,0.045742285,0.15574522,0.007790474,-0.02135631,0.07808588,-0.13854149,-0.07398572,0.09344312,0.04316322,-0.0033966633,-0.13865158,0.07855113,-0.043109138,0.0905013,0.024344156,-0.029494587,0.041490357,0.08074365,-0.046412744,-0.09023068,0.13970184,-0.07684154,-0.018992992,-0.051792715,0.0338383,0.040480983,0.1321685,0.028594969,0.10097253,0.051290225,-0.06086696,0.033068243,-0.13023688,0.05647903,0.0091848625,-0.05425969,-0.093081675,-0.013429884,-0.0015664627,-0.111497335,0.01255404,0.053391315,-0.025854412,-0.08369942,-0.080280125,-0.06152085,-0.0495801,-0.055626348
T,0.08016993,-0.20157845,0.13236687,-0.50277036,-0.07736089,-0.2215214,0.098656274,-0.19190072,-0.3436836,0.010560547,-0.08347059,0.0628284,0.0575433,0.018806083,0.44570437,0.10852249,-0.17315137,0.6005031,-0.21827108,0.17419465,-0.015419474,-0.19834498,-0.021229273,0.07405308,0.23754199,-0.1336957,-0.34643623,-0.18991378,0.030879838,0.49759716,0.185613,-0.24396889,0.1818576,-0.06478066,-0.07900126,-0.13187699,0.33383864,-0.27638644,-0.06304506,-0.090526335,0.057499886,0.07400704,0.4102836,-0.0732779,0.32829714,0.08906327,-0.41217422,-0.31903434,-0.47515786,-0.18002151,-0.33237544,0.094034724,-0.1361871,0.012029676,-0.18846087,-0.53720534,0.04190502,0.39861578,-0.19344452,-0.20363192,-0.24947986,0.019004334,-0.4111755,-0.16359831
V,0.20822428,-0.18486749,0.029034095,-0.15330383,-0.13566707,-0.19036737,-0.15937868,-0.06722452,-0.2181089,0.12112612,-0.10321173,0.002319749,0.123872094,0.03271139,0.35130656,0.22360538,0.05285677,0.27727562,0.03839084,0.10121547,-0.09548733,-0.26108345,-0.1405751,0.19958635,0.17391033,-0.07627103,-0.31548244,0.037784174,0.020484317,0.28431487,-0.10585338,-0.012562701,0.092522554,0.032774165,-0.067685656,0.008824579,0.14360434,-0.097940765,-0.16810046,-0.086533725,0.1968356,-0.09863281,0.24865042,-0.01377247,0.27389073,-0.10036543,-0.23950276,-0.03527492,-0.20698754,0.27523986,-0.095384344,-0.0128173875,-0.2171377,0.048720494,-0.0912067,-0.33551148,0.0034404113,0.11506677,-0.10646021,-0.16489671,0.05218852,-0.057989623,-0.0881892,-0.04015066
b,0.12859322,-0.15084599,0.06832339,-0.21339434,-0.13916266,-0.14332542,-0.004160184,-0.20409529,-0.18654029,0.11214098,-0.09170679,-0.010750811,0.08885873,0.034744866,0.25472847,0.17995284,0.00800768,0.41000512,-0.035413865,0.08016626,0.055097766,-0.30591092,-0.064061806,0.15518105,0.14211263,-0.015446222,-0.34950352,-0.00018321208,-0.030797841,0.2867446,0.026782664,-0.034502048,0.09788063,0.07704232,-0.041028865,-0.115257666,0.21194929,-0.08739769,-0.1246355,-0.096474156,0.09483668,-0.037377678,0.27586707,0.07764232,0.19007969,-0.039991893,-0.2568672,-0.030814704,-0.2307762,0.120030664,-0.10104531,-0.05943313,-0.14828496,-0.001960843,-0.040524513,-0.25557303,-0.033600733,0.18690623,-0.123656966,-0.1529229,-0.076268084,-0.05985752,-0.09480351,-0.09811235
m,0.06086885,-0.055897575,-0.0071032303,-0.08778232,-0.074488975,-0.025902852,0.028731588,-0.117440894,-0.07313357,0.06953934,-0.026440198,-0.034162033,0.018700926,0.0012796527,0.066866055,0.0789302,0.041688453,0.16636878,-0.015516371,-0.0008569358,0.080966465,-0.14173476,-0.03910229,0.08179836,0.0299136,0.005519625,-0.13766794,0.041341256,-0.042257242,0.09053345,-0.008475115,0.0009818727,0.040165424,0.06450504,-0.013740965,-0.06904757,0.11303488,-0.048372097,-0.034056764,-0.052033216,0.012237594,0.03204104,0.109226234,0.032253798,0.075231284,0.01866872,-0.07739022,0.023648277,-0.08723059,0.041075718,0.009011848,-0.06491314,-0.07346689,-0.028729718,-0.0005868391,-0.09153142,-0.008466487,0.07510714,-0.03414995,-0.05655722,-0.06003926,-0.027063739,-0.03846636,-0.045340825
c,0.069083825,-0.14668211,0.07413961,-0.28429252,-0.15055048,-0.13601983,0.025046565,-0.1632721,-0.21858138,0.08481141,-0.056478847,0.0330858,0.12962034,0.022583773,0.31388912,0.16400984,-0.0055504,0.45909712,-0.09088252,0.14378144,0.06176379,-0.22975285,-0.05229781,0.054758944,0.16090804,-0.043474477,-0.2656823,-0.10759581,0.007401586,0.34154162,0.091093786,-0.11019211,0.08057712,0.024991032,-0.10235432,-0.0834621,0.18679872,-0.11525972,-0.05463816,-0.11410243,0.06210579,-0.01071591,0.26903826,0.025110433,0.25050464,0.019511912,-0.27390856,-0.14709426,-0.31220287,-0.025396133,-0.19377358,-0.0250714,-0.11925863,0.023243668,-0.11436586,-0.33986545,-0.049532667,0.26021788,-0.13038456,-0.10435987,-0.14587016,-0.023500912,-0.21398993,-0.13797385
X,0.03234922,-0.057686698,-0.010783397,-0.08756168,-0.086543106,0.00031974263,0.0210643,-0.09518604,-0.06886053,0.062303472,-0.0025872139,-0.0056100776,0.029751277,0.017831791,0.070568055,0.08212867,0.035461623,0.16116095,-0.0069069676,0.014086305,0.04889134,-0.104289375,-0.032381225,0.048540838,0.03947008,-0.0016457217,-0.09157578,0.0024187744,-0.0049214624,0.085516244,0.029497597,-0.03546232,0.041134324,0.06056673,-0.03413469,-0.049183298,0.09821665,-0.04576973,-0.025043216,-0.038568456,0.010233732,0.017972708,0.09488358,0.032897424,0.075787656,0.035776436,-0.071526915,-0.0002013508,-0.112541676,0.0018597197,-0.017208751,-0.036024857,-0.056482103,0.0036969706,-0.016480412,-0.10220649,-0.020960074,0.0543577,-0.013110746,-0.039977033,-0.051556278,-0.03679084,-0.052870627,-0.053599834
k,0.026832761,-0.022955105,-0.012858372,-0.037968826,-0.045103215,-0.0014090949,0.0037798176,-0.04100402,-0.039747532,0.030210802,0.00021299359,-0.030863341,0.00940041,-0.016656894,0.03898045,0.047537223,0.024820354,0.07292539,-0.00015939298,0.00015920456,0.038133193,-0.05337783,-0.034797046,0.04034222,0.0029080773,0.00127546,-0.051781513,0.027560487,-0.017992012,0.05100182,-0.017591214,-0.00471596,0.011531199,0.029182563,-0.006316842,-0.02051072,0.057565093,-0.03189486,-0.0049434677,-0.03512406,0.0062659113,0.0159608,0.03884827,0.0009824662,0.054248586,0.025551515,-0.026581658,0.008851536,-0.056260005,0.00082871097,0.0068437145,-0.029873297,-0.033133578,-0.017240474,-0.014096394,-0.054571588,0.008896672,0.028708974,-0.009612567,-0.009282613,-0.046692844,-0.017093495,-0.030338552,-0.032627966
Y,0.023862414,-0.02664455,-0.02348096,-0.043225728,-0.0471833,0.0022546884,-0.011114635,-0.038641125,-0.035594236,0.055350475,0.0036307964,-0.012421491,0.018038508,0.0061094123,0.034490887,0.049205925,0.029006653,0.07831685,-0.010113127,0.002359822,0.04314812,-0.053320184,-0.034251235,0.031175895,0.017615274,0.014960373,-0.05109114,0.007750969,-0.0074003367,0.049115248,-0.013668696,-0.0082646655,0.013892441,0.02301954,-0.0020941226,-0.020620776,0.0522196,-0.020127876,-0.0076570497,-0.035721418,-0.00021221014,0.0070652408,0.047494844,0.01696209,0.042492386,0.025188284,-0.035866886,0.0027185336,-0.05546,0.01651169,-0.00086840754,-0.02481597,-0.044157702,-0.0029868877,-0.007505507,-0.04395229,-5.8564372e-05,0.042137507,-0.017847132,-0.017272744,-0.019112682,-0.019114178,-0.02903608,-0.024445305
