40,0.8485314,0.1495605,1.8929806,0.75572586,-0.84474283,0.46130508,-1.8599911,-1.4245654,0.861074,1.1308794,1.3191563,-1.2511429,-0.26524833,-0.10533654,-1.1163447,-1.2319229,-0.9891157,0.6816378,0.8459092,-0.94671184,-1.3514864,0.23452398,-0.53552735,-0.3472187,0.082429074,-0.23781875,-0.11200385,0.19639353,0.022034638,-2.2819324,-1.4459252,-0.14360471,0.5005138,-0.38078025,-0.50910467,0.5578657,-0.86898077,0.1740222,0.583365,-1.072444,0.1339999,0.3428528,1.3240529,0.35227942,-0.18386458,0.8960273,-1.4799491,-0.8162094,-0.66750264,-0.32926285,1.1095657,-0.01189155,-0.5949391,-0.61319256,0.3319343,-0.53401095,-1.0920817,0.9769623,-0.8129238,0.75175786,-0.07199723,-0.10191038,-0.118136145,-0.33928606
41,0.8362367,0.3859994,1.9976951,0.83017147,-1.0100107,0.5259553,-1.9232332,-1.6572036,1.0545868,1.236442,1.4102578,-1.4111443,-0.37554163,-0.12826027,-1.2382699,-1.4461732,-1.069954,0.6546033,0.93892395,-1.1224355,-1.5892642,0.1848738,-0.6179732,-0.5671707,0.17928538,-0.2845182,-0.17985687,0.13933823,0.07246986,-2.46022,-1.5474069,-0.09080683,0.45440942,-0.27697036,-0.4594501,0.53897476,-0.93632424,0.09969235,0.57925236,-1.0125041,0.05799162,0.31340632,1.5414462,0.36813614,-0.25742358,0.9878893,-1.82748,-0.94748473,-0.68342835,-0.31506383,1.1955967,0.03247574,-0.6185659,-0.6752603,0.340237,-0.7103388,-1.1678236,0.9777187,-0.9451757,0.79120916,-0.14918815,-0.06602684,-0.12724827,-0.4850546
42,0.7258468,0.2615001,1.7541648,0.71704835,-0.8585113,0.4733685,-1.7193335,-1.4274428,0.9251166,1.1035253,1.2458265,-1.2214757,-0.29555878,-0.13427052,-1.056884,-1.2769854,-0.96317714,0.5702342,0.8469225,-0.9319492,-1.3855996,0.15666804,-0.5399358,-0.44104147,0.10547794,-0.2660611,-0.19359589,0.12093936,0.05480358,-2.1358013,-1.3735492,-0.10591258,0.44112366,-0.29076457,-0.41871908,0.48248246,-0.7803918,0.09627614,0.5422477,-0.9343385,0.07511532,0.3014079,1.3166673,0.37257025,-0.23423107,0.85109085,-1.5866492,-0.802268,-0.652167,-0.28273386,1.0367795,0.06507092,-0.52401,-0.60335386,0.3106872,-0.5678416,-1.0116134,0.89344144,-0.832049,0.7361215,-0.124459974,-0.039329987,-0.11714378,-0.44287354
62,-0.0029782678,1.1336963,0.3626467,0.34008384,-0.66357225,0.46496743,-0.6245534,-1.1650457,0.17750365,0.6795055,0.3025554,-0.7325342,0.16497408,-0.09476602,-0.3882758,-1.0303094,-0.23701133,-0.19713366,0.012868605,-0.826493,-1.1173764,-0.05510385,-0.4714477,-1.0059943,0.087592304,0.06980355,-1.0446893,-0.16346847,0.27236393,-1.1084747,-0.7886825,-0.010520609,-0.40052113,0.051964365,0.3405046,0.051201276,-0.060553964,0.1632701,-0.41208106,0.36425248,-0.96381176,0.21171112,0.9162739,-0.15591109,-0.08694075,-0.3204896,-1.454306,-0.9557945,-0.07536892,-0.32637063,0.29725143,-0.3496619,-0.46700856,-0.2128703,0.45194197,-0.8247357,-0.403375,0.11702944,0.66747504,-0.06815114,-0.25607577,0.38760698,-0.012599784,0.24449065
63,-0.60288393,1.629365,1.3654633,1.342332,-1.1889967,0.7144638,-1.7376221,-2.3647099,0.60708314,1.5590785,0.5824846,-1.9123615,-0.09082006,-0.12755752,-0.55876553,-1.9672694,-0.62220734,-0.6627872,-0.5111407,-2.3256278,-2.05904,-0.68683475,-1.146223,-1.9943289,-0.20961285,1.05679,-2.2917802,-0.07155142,0.7384309,-1.5987904,-2.679347,-0.10651139,-0.9667441,-0.6977548,0.69698954,0.072056174,0.28940436,0.509057,-0.8663445,0.7437508,-2.4333124,0.15864025,1.338271,0.07902651,-0.22381628,-1.0736632,-3.3638449,-1.8950795,-0.58155894,-1.0766914,0.45239195,-1.1839582,-1.1227912,-0.082482524,0.7225863,-0.9346412,-1.0495623,0.7379022,1.9382696,-0.21560797,-0.14681117,0.7302673,-0.40082005,1.6454076
61,-0.7273956,0.86531895,-0.11320958,0.8368835,-1.0963708,0.9916559,-0.9073741,-1.1197826,-0.07437756,0.2399588,0.19019517,-1.1380813,0.63776267,0.44828784,-0.9625372,-1.1108645,0.28647074,-1.0213633,-0.928777,-1.3614714,-0.23981342,-1.100831,-0.5571379,-0.87975293,0.047420967,0.7029368,-0.4738943,0.17675339,0.3725967,-0.5025084,-2.0426736,-0.47018558,-0.3637685,-0.18193512,0.3643698,-0.2808375,-0.6191684,0.053127445,-0.40258074,1.314128,-1.703831,0.039178256,-0.14842366,0.05311177,-0.055438176,-0.51964056,-1.4243625,-0.86489105,0.75088423,-0.44544494,0.2405221,-0.90823317,-0.8569213,0.31212035,-0.18809138,0.021428622,-0.3321222,0.9912886,0.68568915,-0.6825709,0.33999097,-0.35978067,-0.4504249,1.7283636
26,-2.1124275,-0.97020566,0.17543954,0.27771884,0.45004758,-0.8410626,-1.0014971,0.60601926,-0.13704465,-0.34452495,-0.70695674,-0.6317805,-0.091099106,-0.32939866,-0.34532884,0.12263086,-0.059247274,-1.6245575,-2.0816932,-0.90637183,0.35640594,-1.7464545,-1.1405078,-0.9201307,-0.37104574,0.39925906,0.11223211,0.16518736,-0.1445647,1.6452134,-2.046932,-0.33526403,-0.41737378,-0.9317379,0.48635587,-0.022814985,0.56030923,-0.23350082,0.92549723,1.5168935,-1.5848081,0.043340947,-1.4253622,-0.44177687,-0.8331736,-1.1228627,-1.448355,0.3838917,1.0130602,0.024261257,-0.53007776,-0.34621188,-0.36520046,0.85091925,-0.68608874,0.99719083,-1.0773146,0.9049009,1.1663334,-0.66993,1.4423945,-1.2128704,-1.2682456,1.0498087
51,-1.3827354,-1.8614734,0.6960855,-0.05008302,-0.23237868,-1.800649,-0.93315285,0.58309263,-0.3672788,0.5760798,0.07871975,-0.20090337,-0.5081709,0.124425635,0.81855994,-0.012726182,-0.61334527,-1.1470672,-1.3440286,0.03537239,0.2650243,-1.7405844,-0.7340741,-0.2052645,-1.4239209,0.7350961,-0.3102547,0.41620207,0.43518904,1.4992734,-1.1273243,-0.03211174,0.3772621,-1.9714596,0.51342064,-0.19581254,1.216062,-0.22702326,0.85924816,0.014472339,-0.7891962,0.06055001,-0.6977355,-0.66955376,-0.72869265,-1.3855221,-1.2940897,0.7999004,-0.38449973,-0.788651,-0.37248048,-0.0637049,-0.36554083,-0.13587195,-0.27633837,1.0355452,0.24206771,0.7950666,1.096162,0.23782456,0.9386823,-0.82139635,-0.9831637,1.7063977
15,-0.5389591,-2.8018358,2.0997393,1.0581653,0.048116986,-0.847979,-2.3695483,-0.0049206153,-0.19546455,-0.007070901,0.6300494,-0.8649978,-0.46973345,-0.7197849,0.19473642,0.40989482,-1.7814596,0.71493626,-0.6319455,-0.40348393,0.30737546,-0.8463051,-0.6106459,0.6154726,0.018855171,1.0143504,0.5658087,-0.057370506,-0.34035724,0.65372497,-1.1471379,-0.46728435,1.3361346,-1.8669878,-0.77611214,0.4917399,0.4579079,0.20834969,1.7591717,-1.5238175,-0.3162146,-0.2666021,-1.6722252,0.059055146,-0.7728047,0.3396613,-0.08878905,0.61591226,-0.5499108,-1.3261033,0.41397864,-0.6421938,-0.8367922,0.8882018,-0.085330114,1.3902881,-1.5642153,0.7335024,0.7254286,0.61482996,2.1286798,-1.0699701,-0.8235053,0.79228973
21,-1.0004696,-1.2296085,2.8484228,1.4733305,0.94895476,-0.07966585,-2.97368,-0.28098607,0.45912156,0.62370515,0.13491377,-0.79065907,-2.0214424,-0.6180908,-0.09290372,0.38951153,-0.39918533,-1.1887797,-0.5815385,-0.48743623,-0.13611704,-0.095985115,-0.026656771,1.3400226,-0.70304,1.3187943,-1.3101387,-0.67207885,0.19937444,1.1507087,-0.7975515,-0.8560527,0.72749794,-2.07324,1.0937859,1.5903952,1.0642283,0.77073544,-0.14525619,-1.1219367,0.35297763,-1.1109884,-0.16980588,0.44772217,-1.4788059,-0.33012387,-0.37697366,-1.0538144,-2.2272594,-0.7154362,0.23497303,-0.17777178,-1.0173247,-0.45409244,0.4047152,2.4150703,-1.6059008,0.666598,1.234215,0.48508784,0.97663826,-0.37952486,0.14447662,0.6890333
18,-0.0011373165,-1.6469163,1.585727,0.8920256,0.76876295,-0.69888794,-1.9577994,-0.036397215,0.82104707,-0.16288473,-1.0260864,-0.9144045,-1.2851039,-0.09560572,-0.7093208,0.78676134,-0.9161445,-0.43292558,-1.3963722,-1.357246,-0.22552231,-0.28322485,-0.6516136,0.83106965,0.099553384,0.58111215,0.55387,-0.45788255,0.31219408,-0.02636011,-0.99586487,-0.24304943,0.44026718,-1.5664511,-1.1866646,0.21404855,0.41347674,0.23710354,1.3763765,-0.7584586,-0.2762466,-0.2874927,-1.3521519,-0.19689879,-1.1409888,-0.5478331,-0.0010818273,0.5378081,-0.48099652,-0.43106824,0.9303638,-0.8395085,-1.6272823,0.9772372,-0.15672782,2.2372742,-1.8028247,0.9306271,0.6260033,-0.90163445,1.8479317,-1.8229713,-0.72042495,0.17139117
17,-0.37011454,-3.105512,1.8826317,0.54184484,-0.2826139,-1.3957599,-1.6679031,-0.75072366,-0.08327973,-0.14590666,-0.13957866,-1.291047,-1.2305354,0.82737345,0.6431442,0.6812616,-1.6868697,0.49191853,-0.7406438,-0.4101767,0.03515997,-0.59450114,-0.19714144,1.417112,-0.7385399,1.2536172,0.40155286,0.21814384,0.22850476,-0.37180737,-1.1847446,-0.33153972,1.0085515,-1.6026149,-1.4133071,0.19092998,0.9844919,-0.56018573,1.5800421,-1.5806676,-0.6142175,-0.047029216,-1.2219213,-0.016643656,-1.0616951,-0.32706237,-0.0566322,-0.03238765,-1.233575,-1.7666013,0.50731814,-1.1041065,-0.7913972,-0.40914533,-0.17112483,1.3662896,-1.1218153,1.4052739,0.3495385,-0.017985674,1.6102746,-1.3440515,-0.558256,1.0106708
23,-1.0572554,-1.0718689,2.3893988,1.5992073,0.8507355,-0.4962406,-1.6565567,-0.66625655,1.3465203,0.7945027,0.058014676,-0.2808858,-1.7416496,-0.976421,-0.18616846,0.41778997,-0.2615106,-0.97293186,0.023482386,-0.5215717,-0.49115267,-0.14026,-0.30773243,1.0811509,-0.6205852,1.0776725,-0.3435435,-0.6521361,0.48552752,1.4741011,0.053372372,-0.57532114,0.6172794,-1.672902,0.061537217,0.82496095,1.0295691,0.94948184,-0.49305707,-0.83136386,-0.48332068,-1.1375115,-0.9094499,0.7347269,-0.37709162,-0.48106754,-0.102934174,-0.5717582,-2.3288047,-0.9748028,-0.021314394,0.32360664,-0.88653016,0.1719187,-0.20456238,1.7807214,-0.6941314,0.73793024,0.8075674,-0.17617804,1.2817715,-0.065016285,0.059429646,0.65132046
22,-1.5436801,-1.7647436,3.3645875,1.9484909,0.90801513,0.5563752,-2.6488805,-1.0295415,1.4872751,0.59254223,0.1995624,-0.89426255,-2.8388727,-1.4503969,0.3851882,0.07065196,-0.2837341,-1.2808809,0.49042276,-0.86793613,-0.29889616,-0.5984279,-0.53894067,1.2523197,-0.5769743,0.9380895,-1.1343408,-0.671956,0.4427646,1.3526499,-0.18479003,-0.17891121,0.10444906,-1.8945118,0.35241106,0.7891621,2.1283183,0.23532128,-0.4723348,-1.0061724,0.24463062,-1.3053117,0.35382736,0.7414428,-1.8342842,-0.111764796,-0.441548,-0.7849956,-3.1567373,-1.5629388,0.6668633,-0.09290981,-1.3318495,-0.4031221,-1.0189643,2.3679729,-0.32454616,1.9282416,0.8038609,0.28145534,0.8804784,0.18860157,0.13383515,1.2147825
50,-0.6868553,-1.7049874,1.0940747,0.59806,1.6316171,-0.9166642,-0.23064321,1.065268,0.981156,0.3273397,0.52994853,-0.6591205,-0.7831133,-0.61987334,0.75282705,0.246598,-0.7655248,-0.18528636,-0.4817508,-0.41943285,0.0027914683,-1.3633835,-1.1000437,-0.3763982,-1.0522695,0.7664985,0.7176262,0.90681297,0.14175928,1.1149871,-1.5677696,0.23819815,-0.23541282,-1.307184,-0.3952131,-0.11418219,0.43621325,-0.04390423,1.1107321,-0.5236124,0.18247372,-0.10528114,-0.5495712,1.0589769,-0.1196809,-0.13136077,-1.1595438,1.0052466,-0.32876855,0.008609524,-0.061861355,0.024046676,-0.20771097,0.8160733,-1.0813318,1.0988256,0.4150961,1.0559944,0.061553102,0.6955164,0.6366108,-0.123080306,-0.8429345,1.0732168
54,-0.84361243,-2.061357,1.3305912,0.6302827,2.000993,-1.070788,-0.13842422,1.2042568,0.9771871,0.37664792,0.53475726,-0.66547453,-0.9618902,-0.47522286,1.3336323,0.32371995,-0.8692729,-0.2158762,-0.48641822,-0.06414021,0.027303794,-1.3599107,-1.1754112,0.26874727,-1.3802513,0.71445173,0.7660368,1.0608724,0.08431441,1.1018465,-1.8102722,0.30224314,-0.24837792,-1.2258749,-0.41857573,-0.07348473,0.8488962,-0.16837496,0.9504708,-0.6313338,0.3538868,-0.14393745,-0.47715837,1.1260827,-0.14531246,-0.2562116,-1.2714295,1.0557388,-0.6296228,-0.089412816,0.021387147,0.08362169,-0.29765606,0.5614181,-1.114944,1.1860498,0.69052273,1.4318814,0.2713846,0.89047927,0.4968003,-0.019736513,-0.8780221,1.4217521
46,-0.73630416,-1.5988657,1.0594125,0.16816081,1.1767923,-1.392984,0.022564556,1.1633946,0.6273296,0.3288341,0.38916326,-0.3794871,-0.5065067,-0.75198644,0.7042849,0.09918901,-0.7608686,-0.029243303,-0.61323273,-0.10546049,0.10370996,-1.5668399,-1.0457261,-0.7675617,-1.0482002,0.48067808,0.6492738,0.852632,0.15418307,1.292924,-1.6572605,0.38533556,-0.17575982,-1.1616582,-0.26315382,-0.21272677,0.6821864,-0.27766168,1.3749865,0.12094507,-0.25471702,0.2504534,-0.6412085,0.3890528,0.0888188,-0.38184974,-1.2776787,1.2298027,-0.016783297,-0.124960944,-0.20223178,0.05121781,0.11949782,0.6135673,-1.2322432,0.4093124,0.46304238,1.0037017,0.10115838,0.70597494,0.48587075,-0.36438587,-0.61026347,1.1411958
19,-0.4274471,-1.1857581,1.475097,1.2830718,1.0401257,-0.5198853,-1.5955076,0.5317989,0.52339447,-0.20456594,-0.6615899,-0.6177961,-0.81500214,-0.54876184,-0.7530111,0.519995,-0.8021014,-0.32698706,-1.277009,-1.2418575,0.16325781,-0.85908055,-0.61155516,0.06274821,0.56322426,0.2971857,0.9398114,-0.38722005,-0.016995631,0.67141944,-1.3379914,-0.2075641,0.3140396,-1.2175573,-1.0437642,0.24776267,0.14010416,0.39441925,1.6645261,-0.029701978,0.12913576,-0.42944455,-1.5494505,0.08817737,-0.9183871,0.018059753,-0.058474462,1.1040337,0.30045703,-0.15621358,1.0390623,-0.74726063,-1.3745183,1.5759385,-0.65650403,2.1012735,-1.5630776,0.6361126,0.46244,-0.14239675,1.7197342,-1.6464148,-0.8135602,0.044698544
3,0.14882709,-1.8529774,1.5747226,0.19910619,1.8494312,-1.4975715,-2.118837,0.69743574,-0.62360793,0.2594692,0.09191745,-0.7711025,0.46319634,-2.2025652,0.8018178,-0.6138066,-1.573672,0.52628285,-0.8322229,-1.1369381,-0.12399052,-0.60954136,-2.659048,-1.1462814,-0.37878484,0.4852438,-0.3625279,0.15575455,-0.028763268,-0.74256957,-0.7915783,0.536087,-0.20545352,-2.8243608,0.17428926,0.41098744,-0.42692265,0.007411077,2.117419,-1.4481388,0.51261187,0.55238867,-0.27678436,-0.48901922,-1.0996128,-0.422937,-0.8144928,0.3230137,0.45647228,-0.51222396,0.13799465,-0.3723173,-0.887797,0.61182517,0.4293153,-0.5638254,-0.7725007,-0.29684058,2.207611,0.5083198,0.82889384,-1.237928,-1.520496,0.9470369
25,-2.7002897,-1.665827,1.1679113,-0.43829352,0.3953502,-2.465797,-0.62928826,0.30074045,-0.6375215,0.4090243,-0.28802443,-0.24786617,-0.31291565,-0.8643458,0.72512734,0.012602868,-0.86981875,-0.5225707,-1.8117934,-0.22407202,0.18533145,-1.4116175,-0.67767763,-0.48676535,-0.8399731,0.71753025,-0.9590409,-0.1919063,-0.45609587,1.7752507,-0.95306855,0.54405844,-0.07239065,-1.4272561,0.9019455,-0.035069678,1.9413371,-1.1781691,0.91238284,0.92688257,-1.3869442,0.33159187,-1.4976479,-1.5626714,-1.2755874,-1.494622,-1.297893,0.7207049,-0.5986561,-1.0508476,-0.5750959,-0.66417944,0.5030822,-0.026339471,-0.15479271,0.4485268,-0.7105413,0.70897937,1.7001512,0.13367654,1.2938725,-0.322272,-1.3695555,1.9066279
16,-0.38166434,-2.269784,2.010364,1.1345867,-0.2068722,-0.8427325,-2.0532494,-0.3197838,-0.33609352,-0.47442317,0.57508165,-1.0515465,-0.44568172,-0.79133916,0.07812458,0.2953293,-1.5548234,0.82510054,-0.6624802,-0.14062369,0.3996591,-0.82588756,-0.21613623,0.68050337,0.20623681,0.7561385,0.6463789,-0.30152392,-0.33521307,0.31649262,-1.2565566,-0.26033399,1.5943539,-1.5674948,-0.55027515,0.39241213,0.28944722,-0.041841008,1.778484,-1.2348714,-0.3329896,-0.35767412,-1.7937887,-0.13025084,-0.5614315,0.26807758,0.14188218,0.20083135,-0.4768134,-1.2456757,0.7843207,-0.88322663,-0.9513531,0.5850232,0.20379186,1.0968584,-1.5777072,0.85851705,0.3724787,0.84581345,2.1674685,-1.5755022,-0.68014055,1.0133941
52,-0.64905983,-1.5476394,0.973685,0.5038716,0.8576609,-1.2228314,-0.30822417,1.0214587,0.8353825,0.3264843,0.42086336,-0.36727527,-0.72890425,-0.48180762,0.40583408,0.17576733,-0.45884773,-0.2734341,-0.50733155,-0.22801971,0.28709263,-1.3964504,-0.83760864,-0.5546278,-1.075853,0.7953513,0.7002981,0.9439393,0.30831337,1.4690064,-1.7157506,0.009916645,-0.073246084,-1.3140365,-0.21117797,0.018102441,0.45467106,0.154991,1.0635681,-0.079673395,-0.31411618,-0.015361645,-0.6002536,0.7683093,0.1683571,-0.2490562,-1.0344547,0.8396992,-0.14467809,-0.055226233,-0.39881724,0.2076763,0.04795012,0.5508505,-1.140383,0.78523034,0.27622834,0.8855881,-0.05776776,0.6114944,0.5255762,-0.31293514,-0.47045296,0.9338771
94,-0.06381597,0.76190156,0.3030544,0.9116779,-0.44306663,-0.7536809,-0.5547059,-0.05190124,0.59188753,-0.49288383,0.7432456,-0.15505362,-0.32216436,0.31806847,-0.08955984,-0.21390273,0.102893576,0.25485846,-0.22806692,-0.1517486,-0.0891439,-0.38078564,-0.17777759,-0.68303704,-0.19549839,-0.3730651,1.0136384,0.5886477,0.27858952,0.20213354,-1.1961802,0.090423934,1.3817449,0.08910328,-0.20045562,0.23681414,-1.6225618,0.27161422,0.57125497,0.19035289,-0.08633481,-0.5077289,-0.28373286,0.36389622,0.1685474,0.3088872,-0.68396693,-0.39692092,0.44060522,0.9304256,-0.10650336,0.69292355,0.07428627,-0.11701671,0.68850076,-0.22482345,-0.25043288,-0.44308525,-1.0935774,0.9968031,0.104083315,-1.0232203,-0.033987664,0.19751753
13,-0.2902576,1.8973219,0.9451966,1.4215052,-0.44229725,-1.4212208,-0.6421349,-0.23008478,1.1959541,-0.46890888,1.0991507,-0.06934521,-1.1439496,0.5569133,-0.08667611,0.12923034,0.2110455,0.21786365,-0.7470334,-0.48038003,-0.49197012,-0.16252306,-0.36550778,-0.5649041,-0.35636544,-0.7870027,1.331321,0.78332895,0.45677963,0.7305823,-1.7443799,0.13965465,2.277409,0.4731909,-0.27139908,0.58081025,-2.2940536,0.433108,0.52199286,0.6101863,-0.09439305,-1.0454957,-0.36094776,0.13343641,0.17099398,0.3018911,-1.4826094,-1.1379293,0.18810007,1.591859,-0.16868903,1.2068502,0.1662084,-0.6667208,1.3453957,-0.4147293,-0.6038966,-0.68130827,-1.5669632,1.2887337,0.00496883,-1.1405504,0.15045561,0.15960853
64,0.025910515,0.9222711,0.3564536,0.91550267,-0.46144214,-0.7151232,-0.5306504,-0.22495185,0.6704461,-0.37944803,0.7210214,-0.12232358,-0.3287962,0.35968998,-0.120559536,-0.14949606,0.12984672,0.3222077,-0.18700208,-0.18184444,-0.17437345,-0.25821146,-0.10787253,-0.6542027,-0.18988031,-0.35607156,0.9703117,0.58026195,0.2811386,0.17743082,-1.133288,0.02390889,1.3546455,0.18778083,-0.1511769,0.2620034,-1.5537493,0.36692488,0.40118566,0.21875668,-0.14048603,-0.5416115,-0.16700087,0.32827365,0.20315076,0.3032019,-0.65818155,-0.5564661,0.3713906,0.932536,-0.10930468,0.66859096,0.10062335,-0.2617444,0.7252975,-0.26998803,-0.32691061,-0.47968733,-1.0984418,0.8470449,0.0018110925,-0.8638703,0.06561743,0.069819555
0,0.0056578466,0.9896254,0.44859445,1.0657362,-0.4590986,-0.7542994,-0.5669638,-0.13732982,0.7308156,-0.39896134,0.8394859,-0.029850714,-0.35528964,0.36899108,-0.14395154,-0.16771944,0.20120706,0.41050696,-0.2019245,-0.10754985,-0.14488035,-0.307054,-0.08456904,-0.59199125,-0.23203094,-0.42081055,1.1192619,0.65842736,0.20294552,0.3447194,-1.2209785,0.045391623,1.5164726,0.22961023,-0.19817187,0.2991609,-1.6427122,0.43569782,0.36581174,0.25614274,-0.09871895,-0.60300946,-0.18381158,0.40039203,0.35082757,0.42164147,-0.67603505,-0.6023157,0.33983055,0.96881783,-0.15794443,0.7196249,0.10974974,-0.19436695,0.68222654,-0.26358163,-0.28370884,-0.4950328,-1.1799133,1.0627073,-0.05523796,-0.85719943,0.13722481,0.15306747
65,-0.073814094,0.9346549,0.45597604,1.0669314,-0.40838307,-0.794846,-0.65714335,-0.1145671,0.7427252,-0.3264249,0.8374732,-0.035018273,-0.4441064,0.3131833,-0.10174081,-0.15777595,0.20065922,0.2483427,-0.12812112,-0.1448486,-0.19954357,-0.31857535,-0.1276317,-0.6551721,-0.28274938,-0.36564264,0.997709,0.60014445,0.29567906,0.4018333,-1.1172966,-0.01912801,1.4578916,0.11119565,-0.09179454,0.32739413,-1.5647653,0.44122055,0.34867764,0.17307638,-0.033804316,-0.64307743,-0.17740616,0.44021615,0.2359631,0.3122589,-0.733218,-0.5735998,0.23937365,0.99991477,-0.18584827,0.80393296,0.09978678,-0.21893625,0.7809447,-0.1838982,-0.25106713,-0.5744978,-1.0944366,1.0612074,-0.005644388,-0.8291452,0.08075414,0.0979603
59,-0.5993313,0.43368244,1.4014286,2.204798,-0.82018137,-2.105355,-1.8597486,0.16671379,1.101368,-0.36393398,0.9193016,-0.6288852,-0.8449721,0.48688272,-0.4702954,-0.07628718,0.08319362,0.1029523,-1.397908,-1.2127147,0.29634726,-0.5409888,-0.34595624,-0.35628656,-0.60606664,1.1435542,1.4880416,0.9948434,0.39305297,1.4107519,-2.384269,-0.52473545,1.9306345,-1.2268314,0.0034181722,0.9427421,-1.9824078,1.4317789,0.5116043,0.08799389,-1.3836128,-1.7691568,-1.3841867,0.9294681,0.84562075,-0.06667109,-0.77183676,-0.91978097,-0.27730188,0.93111515,-0.7423127,0.3440685,-0.081501305,0.6404407,1.4113375,0.5330066,-1.4846319,-1.01124,-0.75134534,1.3259825,0.98540854,-1.4340574,-0.82208335,0.7602648
27,-0.6756433,-1.4975438,1.135958,0.5002151,1.1082841,-1.1632679,-1.3358915,0.2689756,-0.46197686,0.40603563,0.42240417,-0.5586575,0.011314265,-0.9225919,0.8790518,-0.22879736,-0.82600796,0.06726673,-0.75588065,-0.20718431,0.3709818,-1.1511368,-0.47681865,-0.4452026,-0.33429503,0.7241282,-0.50920916,-0.015546785,-0.50878483,0.7882107,-1.3325899,-0.019914638,0.29866678,-1.6522007,0.5831617,0.4667404,0.9571908,0.11754456,0.8301379,-0.37257835,-0.0060163797,-0.02886812,-0.60000855,-0.0013058005,-0.4731681,-0.7536831,-0.6722888,0.4934113,-0.19627199,-0.5321243,0.04821556,-0.6133864,-0.2617587,0.23134346,0.2587988,0.61589533,-0.6939696,0.21176103,1.3959692,0.7681749,0.61134905,-0.16008158,-0.5252244,1.1626662
28,-2.001877,-1.3021278,0.3383285,0.14456211,0.25125748,-0.8657973,-1.5301892,-0.30353102,-0.32605317,-0.06986562,-0.32610813,-0.8704369,-0.07867836,0.06698243,-0.34253207,0.025079768,-0.1340513,-1.5487378,-2.0257611,-0.77363616,0.49632716,-1.6586292,-0.7487092,-0.26207754,-0.3843007,0.8422169,-0.31848323,0.016693532,-0.40293294,1.1330047,-1.7468776,-0.5450173,-0.18477653,-1.0346099,0.66307914,0.23606546,0.47289544,-0.22691421,0.5438667,1.0614482,-1.5377795,0.02129732,-1.2192985,-0.34559676,-1.2520386,-1.2381353,-0.97529423,-0.099413574,0.7258596,-0.3569287,-0.41800618,-0.74268144,-0.3763442,0.17322594,-0.109170474,1.241681,-1.1819099,1.0631417,1.1963226,-0.86891127,1.3360544,-0.677187,-1.1822432,1.4485834
6,-0.61004734,-0.3641159,0.82197547,0.59460366,1.1294519,-0.5905349,-1.4594032,0.23542634,-0.96952724,-0.12842937,0.5920737,-0.16580339,0.51280534,-1.6049606,0.44849977,-0.61345077,-0.7100777,-0.093282685,-0.47826493,0.13255364,-0.20374748,-0.9205177,-0.8344159,-1.2994224,0.008645455,-0.06968613,-0.7923763,-0.55311954,-0.38338047,0.101290315,-0.6844774,0.23666438,0.5878575,-1.567435,1.3899108,0.42154545,-0.10406944,0.1177836,0.7073604,-0.23124689,0.3161583,-0.026694888,-0.5446598,-0.39359352,-0.5306224,-0.5914714,-0.8555056,0.13360146,0.32928473,-0.09899568,0.4648958,-0.12132242,-0.68443245,0.38434458,1.2339783,0.0003889466,-0.46244818,-0.5315995,1.5207589,1.3335814,0.8247664,-0.8742535,-0.8760855,1.0675566
55,-0.35744235,-1.5233841,1.269415,0.7141295,1.5744016,-0.6707143,-0.642962,0.80926174,0.83435637,0.27704456,0.2204253,-0.66351783,-0.5852851,-0.5788189,0.5670958,0.13255782,-0.67312837,-0.017863201,-0.565033,-0.6586461,0.10294077,-0.83204776,-0.90745085,-0.051849436,-0.72525334,0.7596052,0.4827279,0.6333116,0.028240466,0.6180251,-1.7087929,0.011794068,-0.19866422,-1.3845942,-0.55998397,0.02738331,0.3780697,0.1712221,0.91997534,-0.4921833,0.024401601,-0.11210577,-0.5186972,0.8116516,0.05793961,-0.29283348,-0.8161067,0.7048811,-0.40315512,-0.14491616,0.16260982,-0.27651253,-0.5344212,0.8861778,-0.8815264,0.9661152,-0.040716104,1.0139726,0.395124,0.4269384,0.56717366,-0.31557265,-0.65343946,1.0958122
49,-0.4594885,-1.3256422,1.3918215,1.0164855,1.3550793,-1.3663312,-0.016622985,0.5779166,1.0473365,0.5399865,0.4342125,-0.445582,-0.6729081,-0.3506011,0.777776,0.17758936,-0.77589226,0.27507517,-0.4033049,-0.31725454,-0.028697649,-1.1060932,-0.49289864,-0.028831795,-1.195628,0.7055417,0.6518473,0.705034,0.2964507,1.0823222,-1.4778614,0.36852726,0.22348584,-1.3577235,-0.78156203,-0.10126216,0.683282,0.012798271,0.9568574,-0.377557,0.31061015,-0.21898973,-0.5901821,0.83715457,0.09919156,-0.19123946,-0.89394313,0.72214705,-0.9085532,-0.37744468,0.2431949,-0.30130592,-0.21333508,0.5796571,-0.91937315,1.069345,0.35202542,0.8986659,0.064484105,0.784348,0.31291267,-0.10517424,-0.32604536,1.1803043
80,-1.0670722,-1.3766731,1.0999392,0.43426925,1.8666804,-2.2365887,-0.97864485,-0.5287945,-0.021622812,0.24960549,-0.28223607,-0.81584585,-0.0020727697,0.8723333,1.361721,0.31832993,-0.24211024,0.64566094,-1.6020857,-0.32036552,-0.57386965,-0.010597382,-1.1530936,0.85052633,-1.4681876,0.019261334,0.3351282,1.0718,-0.004064547,-0.927255,-1.1975703,0.14260621,0.40834615,-0.47728306,-1.4391588,0.7353052,0.010467406,-1.1000806,0.62782514,-0.52472675,0.011969378,0.3692767,-0.35703555,0.16276973,-0.8248361,-0.95711535,-0.6697965,-1.0565715,-0.98410887,-1.2105212,-0.22879791,-0.64516455,-0.7001137,-1.0671766,-0.28363645,-0.10700578,-0.20367642,1.3235239,1.1989977,-0.26106873,0.12646352,-0.8162682,-0.48193818,1.6134857
56,-0.5942248,-1.3661642,0.49964598,0.018158002,1.1636679,-0.78332716,-0.47277474,0.8817468,0.19372709,0.51479816,0.70708305,-0.5633834,0.108352594,-0.81427056,0.7586648,-0.3285364,-0.8911666,-0.28201488,-0.63234955,0.13805489,0.025498057,-1.519067,-1.2035651,-0.8474646,-0.8943284,0.5252645,0.019827077,0.6068594,-0.2296174,0.776903,-1.5488816,0.18681817,-0.29023895,-1.3483199,0.6740817,0.048127636,0.48142478,-0.034235172,1.0237343,-0.28024426,0.00051195954,0.35391685,-0.20520091,0.49751705,-0.14484827,-0.31029078,-1.5165595,0.7108161,0.38795766,-0.02574294,-0.33705235,0.008830184,-0.14333205,0.3308017,-0.38679412,0.25213456,0.17312044,0.5289785,0.77878976,0.69893354,0.40979612,0.031314746,-0.8097445,0.9957315
5,-0.8421927,-1.5640808,0.7012451,0.05224466,0.55661017,-1.9733095,-2.1583827,0.107044086,-1.3362215,0.63636917,0.57186097,-0.9196998,0.4018101,-0.4545787,1.3023318,-1.166689,-1.385487,-0.08727085,-1.0461969,-0.06704908,-0.27869812,-1.1003714,-1.3409734,-0.52985126,-0.890387,0.6086972,-1.3151037,0.01255751,-0.09701831,-0.5105023,-0.81384474,0.3400553,0.43970302,-2.243236,1.0924392,0.5982047,0.54664075,-0.4600861,0.79995495,-0.86590564,-0.004957269,0.43405783,-0.45690846,-0.7658753,-1.2304916,-1.3601104,-1.5094373,0.045349598,-0.06566898,-0.90480566,-0.19412671,-0.3100141,-0.7380174,-0.32705212,1.5689237,-0.13879786,-0.3113102,-0.12872554,2.4369302,1.0148911,0.66424775,-0.9182354,-1.3298988,1.8379855
24,-1.8037586,-1.0065845,0.2427518,0.6057901,0.70911884,-1.6794518,-0.6932744,0.11280291,-0.03324124,-0.24345171,-0.7328882,-0.7179208,-0.03452057,-0.8182181,0.043153975,0.09700821,-0.38201073,-0.76652527,-1.7715865,-1.0559295,0.3733141,-1.2888107,-0.64669067,-0.89518195,-0.1760845,0.6468832,-0.21487015,-0.2883501,-0.3259336,1.7907584,-1.6343819,0.13199234,-0.11275201,-0.92607963,0.018232685,0.08602268,0.6247255,-0.26915145,0.9358448,1.1514614,-1.1642379,-0.07436322,-1.4192256,-0.37530252,-1.0178607,-0.96871626,-0.8995136,0.38855857,0.62224287,-0.33767554,-0.7183097,-0.70653796,0.2440178,0.85136545,-0.24970758,0.72601,-1.6468308,0.09834761,1.1750369,-0.63619864,1.2534273,-0.60979426,-0.77652586,0.6069047
48,-1.2466992,-0.9551919,0.40408546,-0.19575512,1.2832825,-0.24675143,0.5887272,1.3140255,1.1633749,0.06537223,0.7538193,-1.2062465,-0.41382092,-0.67210996,0.9319931,-0.46946734,-1.0012047,-0.20971262,-0.72954565,-0.23031627,-0.41668883,-1.8310604,-1.9539988,-1.2608395,-0.8588456,0.15764704,0.941241,1.142972,-0.21310744,0.7565159,-1.8969544,0.7847051,-0.770166,-0.073772036,0.16539276,-0.85565335,-0.029282337,-0.8748212,1.4139794,0.25213552,-0.5829615,0.23154034,-0.18403786,0.8555212,-0.13121176,0.18157424,-2.5405068,1.3230832,0.7695092,0.6330378,-0.2681842,0.28656897,-0.009268808,0.9366491,-1.4271293,-0.10456284,0.68447375,1.3000726,-0.45731857,0.65446234,0.35644892,-0.03849811,-1.626304,1.2622387
4,-0.4893596,-1.424638,1.5316731,0.15885307,0.88055384,-2.1719084,-2.284624,0.049644988,-0.99163663,0.6397596,0.6819598,-0.557338,0.6339723,-1.838473,0.98686045,-1.0530871,-1.625852,0.65533113,-0.7001752,-0.46634254,-0.38623634,-0.6035247,-2.2522395,-1.0696783,-0.48353565,0.18404698,-0.8865138,-0.03396613,-0.06420381,-0.561895,-0.20585807,0.58200157,0.36199284,-2.3610387,0.7016496,0.5816978,-0.2668634,-0.3990623,1.503278,-1.1274763,0.45937863,0.50634694,-0.15182933,-1.0641159,-1.0304706,-0.6080404,-1.1406462,-0.0642271,0.05332169,-0.8141181,-0.174142,0.03752075,-0.47060388,-0.07495204,1.2102934,-1.1976275,-0.5127549,-0.65693283,2.3558145,0.8705418,0.61026525,-0.8754276,-1.3040408,1.1404587
2,-1.0907049,-1.2633743,0.9302599,-0.042095557,1.3271326,-1.9563643,-0.8102961,-0.7978067,-0.22977792,0.21913026,-0.35412997,-0.818528,0.083308466,1.3617913,1.314555,-0.11072881,-0.6053825,0.45328844,-1.3844752,0.00054618146,-0.85405415,0.044300593,-1.0806469,0.9489019,-1.6015761,-0.16605483,0.12169467,0.9361672,0.019730736,-1.6884838,-0.9740133,0.2686331,0.22107112,-0.42799464,-1.2616146,0.3494325,0.02276082,-1.3673686,0.5813497,-0.48273218,-0.06608844,0.6109856,-0.15795623,-0.13754244,-0.84557366,-0.95011044,-0.96712285,-0.94641614,-0.8962263,-1.2258933,0.017583344,-0.61189604,-0.7445791,-1.3369153,0.13029844,-0.4505617,0.14234006,1.232609,1.1281911,-0.29999587,-0.038247813,-0.9171985,-0.68832207,1.7073787
76,-1.0054662,2.1281712,3.0872693,0.7375606,1.6242074,0.65923816,0.10247971,0.052495357,2.3655252,0.33555865,-1.4179235,-1.6978058,-2.2264857,0.7296585,-0.10848784,-0.64615047,-3.0925972,-0.538999,-0.38806474,-0.49821347,-3.393609,-0.787385,-1.2284051,0.3422429,-1.5168222,-2.426262,1.4425943,0.004716047,0.52434146,-0.67905444,-3.8551228,1.061934,0.73946667,1.9098252,-0.4742476,-0.24004854,0.5805876,0.5326494,1.2706858,1.5567828,-0.9614244,0.7696075,1.5408995,1.0929619,-1.4495708,0.59043014,-3.7498255,0.08301215,0.113185875,0.7340892,2.7998698,0.9450988,-0.95273995,-1.6452587,1.5701563,-0.64976287,-2.2609398,0.90678847,-1.2941303,0.29488805,-1.8425094,-0.20250843,-0.9255073,-0.5555376
20,-0.39957747,-1.9898193,2.3403332,1.0273966,0.15215327,0.013596099,-1.9142067,-0.029529674,0.58358556,-0.7382607,-0.31237373,-1.2400624,-1.9122392,-0.46256626,-0.5771866,0.37278023,-1.3791146,-0.28252497,-0.9713159,-0.97369367,0.04009223,-0.21965328,-0.40830338,0.9955143,0.6246771,-0.12309295,0.89610714,-0.7117242,0.4384166,-0.48326176,-0.78213066,0.2713651,0.59224933,-0.811408,-1.1350769,0.053479165,0.15587309,-0.6000772,2.1342657,-0.69472885,0.66378915,-0.21468885,-1.4268935,-0.44978243,-2.089853,0.18840957,0.39524773,1.2568805,-0.374788,-0.6510837,2.5656404,-1.1048834,-1.850615,0.821583,-0.24934994,2.3533833,-1.693892,1.735702,-0.6366948,-0.18786372,2.2774136,-2.5246298,-1.1685836,0.34873468
7,-0.6256164,-1.0389097,1.1051031,0.3361401,1.1945335,-1.0772089,-1.6705605,0.0005009199,-1.1474538,0.29614678,0.37754902,-0.14776331,0.62370694,-1.1265228,0.93973684,-0.6173808,-0.8988421,0.16156498,-0.78146225,0.07517117,-0.099269815,-0.5778106,-0.9215263,-0.6117806,-0.45757687,0.14603323,-1.0477805,-0.28133187,-0.3989114,-0.26084462,-0.6750962,0.18280981,0.50717294,-1.9861118,1.1243423,0.4240967,0.36709592,-0.0063420017,0.5089272,-0.53958446,0.18749033,0.16846584,-0.38728425,-0.6917741,-0.61985296,-0.97360367,-0.70765364,-0.12320585,-0.25112084,-0.7301705,0.34793586,-0.4815593,-0.8195189,-0.1280961,1.2092446,-0.14277287,-0.4439273,-0.2140997,2.1642983,0.9594433,0.5358793,-0.7743478,-0.8977403,1.5525655
57,-0.52599454,-1.6777476,1.0766411,0.5728776,0.69292104,-1.5391634,-0.5003977,0.02990647,0.17706074,0.01133929,0.09773321,-0.7827369,-0.28089994,0.07158324,0.7658382,0.09426274,-0.7708827,0.4602754,-0.5595865,-0.19945438,-0.008598061,-0.74504507,-0.44305557,0.25254944,-0.92119354,0.6519444,0.38715786,0.51526165,0.23638012,0.112898394,-1.3434787,0.27796486,0.42369717,-1.0325172,-0.90452987,0.03459431,0.479913,-0.49421254,1.0045722,-0.6383707,-0.19735456,0.07362214,-0.8201417,0.34244594,-0.1883258,-0.53499466,-0.47676623,0.31579998,-0.68324685,-0.73130506,0.08688765,-0.49072465,-0.1592397,0.17087545,-0.29187316,0.49121287,-0.15783009,0.93226624,0.43841058,0.42191696,0.61763513,-0.70110905,-0.5002182,1.3127942
47,-0.7744978,-1.2372938,0.6938406,0.85878485,1.1248746,-1.6756328,0.30767703,0.9923809,0.6468021,0.0074139857,0.78470093,-0.8551764,-0.15124631,-0.040313452,1.2634909,-0.029332966,-0.73959535,0.4939125,-0.87584746,-0.3779377,0.12698303,-1.7434193,-1.0181404,-0.8818976,-1.3377465,0.6512538,1.1992776,1.3956999,0.3142133,1.1234933,-1.9666657,0.97386974,0.15478365,-1.0524498,-0.81301844,-0.5110964,-0.15371537,-0.4692971,1.4408274,-0.17998794,0.021680737,0.009732255,-0.6608201,0.9339616,0.10975951,-0.055549834,-1.4369867,1.2050323,0.050201774,-0.04365866,-0.1755228,-0.4277142,0.039493818,0.9520954,-1.1287558,0.6447097,0.72207767,0.7619983,-0.20638344,1.113491,0.3593869,-0.41099626,-0.9190557,2.010012
44,-1.4194707,-2.3951387,-0.11613289,-0.8125032,-0.6260382,-2.7224689,-2.281041,0.2726826,-0.74310386,0.9326033,0.22044343,-2.2228897,0.14712507,1.3794214,0.16844934,-0.62696964,-1.0413978,-0.9711023,-2.0691888,-0.11893001,-0.5609159,-0.73119134,-1.5527818,1.8273752,-1.708031,0.7567122,-0.7082646,0.35219204,0.064407624,-1.0374564,-1.5720857,-0.24770546,0.55635136,-1.2154918,-0.3774973,1.3224027,0.25633624,-2.2123077,1.4776598,-1.6510007,-0.08485638,1.6121823,-0.2550714,-1.0868518,-1.9747432,-1.4752486,-1.7186207,-0.9427307,-0.25531816,-1.6778911,-1.1498972,-0.10157857,-0.45533878,-1.2122611,0.43301108,0.5379616,-1.1548921,1.721883,1.3937923,-0.47795805,1.1224065,-1.1427641,-0.8601413,1.1444362
87,-1.3651178,0.9837236,2.076509,1.2269105,-0.69731545,-0.7748001,-1.1669389,-1.5765281,1.6297976,0.6218355,0.79428434,-1.6771526,-1.4504719,-0.87294203,-0.5793125,-1.6120093,-1.1442685,-0.3507705,0.025708845,-0.8802896,-1.810757,-1.0927854,-1.0882617,-1.1841052,-0.04925624,-0.39120224,-0.16529152,-0.40781298,0.5977759,-0.6107259,-1.7522181,0.68084085,0.51599973,0.34039912,0.33243686,0.07035862,-0.035572343,-1.0335755,0.9577955,0.6564563,-0.7788635,-0.41440654,0.38715458,-0.055087876,-1.3667289,0.1348453,-3.067472,-0.86832833,-0.71817255,-0.19319797,0.79860955,0.22929622,-0.48272577,-0.62908876,0.2331788,-0.7064937,-1.2055417,0.6796778,-0.69684833,0.83399314,0.37429494,-0.5631725,-0.52427804,-0.16056055
29,-0.038019493,0.9315887,2.730967,0.42810065,-0.8333526,-3.766463,0.35774446,-2.8174846,2.5422297,1.0420624,-0.017317435,-3.0236986,-2.8897676,-2.1690972,-0.88519955,-0.9075091,-1.9334278,0.7321844,0.4448237,-2.4786987,-1.9504697,0.33488443,-0.8696613,-2.4520578,0.63712245,2.160852,-0.15390883,-0.72727436,1.6504312,-0.7686607,-0.5064835,1.0910497,-1.426448,0.6450867,-0.09062136,0.072158806,-0.24233425,-0.76881784,1.3341565,0.78806436,-2.5808532,-0.551359,0.7065006,-0.03441613,-1.3817543,-0.53089637,-1.7353879,0.14355478,-0.13512042,-0.23725389,0.16683188,-0.4583883,1.7410192,-1.0033691,0.49802527,-1.9690138,-2.2929826,-0.09705732,-2.0382478,-1.3001125,0.82831144,0.69870377,-0.68081975,-1.6467441
93,-1.5622443,0.78472954,2.0600984,1.4158373,-1.2054904,-1.7600546,-0.057473864,-0.9601365,1.0114092,1.0108871,0.46084842,-0.63502955,-0.17054984,-1.3801012,-0.7167188,-1.8011502,-1.6978607,1.7850013,-0.8220413,0.139758,-0.78873736,-0.5919587,-0.7107246,1.011848,-0.51917946,-0.3024318,0.45214838,-0.7503773,0.013315598,1.0682397,-1.204517,1.7342489,0.38168427,0.4221601,0.050279915,-0.3294079,0.7535794,-1.4662826,0.16524817,1.3981106,-1.0026134,0.5548137,-0.10965037,-1.1852348,0.41739625,1.4618614,-2.184015,-0.8718948,-1.0906799,-1.8003446,-0.75668746,-0.82553977,0.19944808,0.3197086,-1.0379092,-1.0636576,-1.4817667,0.11114701,0.5168342,0.747495,-0.37498003,0.67977625,-0.44260734,1.6179116
79,-1.9711874,0.15058938,-0.06794691,0.7291949,-2.69394,1.0724277,-0.417017,-1.372324,1.0323563,0.48303357,2.0689878,-1.1175686,-0.42690486,-0.9687996,-0.58812994,-3.3361003,-1.7878071,-1.0671301,1.936981,-1.3531258,-1.3042169,-3.048524,-0.042292543,-2.698787,1.2670118,-1.30818,-0.37269673,-0.8275166,0.46076137,-0.4236124,-1.5014277,0.29011723,0.9323212,0.47006434,0.5677138,-0.9040452,-0.01594126,-2.113178,1.3207582,1.079021,-0.43082622,0.12895735,-0.1822542,0.9660071,-1.4097266,1.6572623,-3.6680279,0.1841449,-0.38341382,-0.36598146,0.49513808,1.6504536,0.9012636,0.2347114,-0.56587327,-1.3580422,0.64615786,0.39698926,-2.1396966,1.7194641,0.48223248,0.24060507,-0.7800437,-1.2047762
75,-1.415166,0.15786952,0.21792033,1.0602678,-1.7966809,0.29938003,-0.98009545,-1.1391948,0.49693274,0.24132074,0.89932185,-1.0491904,-0.32223132,-0.72444415,-0.31401283,-2.7119427,-0.87008566,-0.8824211,1.1386974,-0.6967053,-1.0234069,-2.0004504,-0.810223,-2.043606,1.1395218,-0.54998493,-0.34381464,-0.8535849,0.7874633,0.092093006,-0.6895541,0.48136112,0.10219948,0.22092968,0.33366033,-0.39971998,-0.2494463,-1.6162934,1.249718,0.56358385,0.07464314,-0.36110917,0.25218835,0.7232551,-1.2881807,1.129183,-2.6841724,0.66063315,-0.24787587,-0.40309328,0.6180865,0.83245635,0.021856254,0.2981245,-0.7452112,-0.4281386,-0.062105477,-0.039419178,-0.6075159,1.574694,-0.02728698,-0.4419238,-0.7937491,-0.6098631
77,-1.4256318,1.1691499,0.12104668,1.3238335,-1.7584218,-0.059308514,-0.8747393,-1.4336325,0.55187994,0.31334,0.25457257,-1.0641026,-0.14951321,-0.7704656,-0.3495367,-3.059286,-0.2167857,-1.0786037,0.8489364,-0.31714574,-1.4020805,-1.7276627,-1.4864037,-2.6526392,1.3634491,-0.34998667,-0.54709476,-1.0444688,1.1194553,0.55372,-0.34460723,0.79033047,-0.6084185,0.86796176,0.5500142,-0.42212802,-0.5253972,-1.5853522,1.2458639,1.0025165,0.019670783,-0.7158772,0.961355,0.5734235,-1.3944666,1.0146635,-3.1892788,0.88506675,0.24959812,-0.20049152,0.7109544,0.5383842,-0.35140994,0.3536244,-1.0779094,-0.4959785,-0.4928395,-0.63290364,0.1040822,1.7419145,-0.7698014,-0.55662346,-0.6574134,-0.77992666
53,-0.49321637,-1.5675169,1.0086671,0.42291066,1.8357177,-0.67967933,-1.0917418,1.1781884,0.045318298,0.16246697,0.27464014,-0.75474864,-0.026215475,-1.1853961,0.863043,-0.109727345,-1.0513034,-0.012425297,-1.16075,-0.31819022,0.4490728,-1.374532,-0.9931535,-0.41362095,-0.19975825,0.5499221,0.21480113,0.15783021,-0.575109,0.702595,-2.0336478,0.16998416,0.05956481,-1.6258589,0.5012723,0.16869356,0.66487676,0.1471052,1.4392254,-0.31082636,0.050576854,-0.0035295787,-1.0034826,0.2439757,-0.21482961,-0.60074025,-1.0986575,1.2097908,0.39441708,0.16274598,0.2895536,-0.4878542,-0.7113765,1.1016929,-0.30440012,0.89370894,-0.69148445,0.575896,1.1406856,0.7218999,0.93173444,-0.6763976,-1.0008153,1.2227559
89,-0.7277829,-1.180949,1.2060066,-1.032449,1.5725504,-0.71188194,0.23109783,0.72828376,1.7360468,0.6363321,0.31140494,-0.9462143,-1.3006692,-0.36726066,1.0565562,0.19543429,-1.2468625,0.072238505,-1.2343723,-1.2438958,-0.46929637,-0.078802876,-2.0710268,-0.07552413,-0.9743722,1.1593915,0.3009742,1.0250901,-0.18054576,0.14052822,-1.1929715,0.365932,-1.8444246,-0.48814577,0.43966335,-0.2892721,0.67077214,-0.24616486,0.51641303,-0.20084569,-1.4840853,-0.032498106,0.25752157,0.5969072,0.2195338,-0.18225284,-2.2583742,0.10320047,-0.29815987,0.74939173,-1.2602749,0.18232836,0.48131242,0.4458858,-0.8189193,-0.69244075,-0.09199481,0.4628917,0.47941658,-0.39768296,0.13012011,1.1654986,-1.559383,0.5118752
82,-0.163382,1.0395297,1.0604508,1.2252544,-0.4816103,-2.187901,-0.88049,-0.67131853,1.5561095,-0.063090526,0.75365585,-0.090396464,-1.0953257,0.7561357,-0.17557338,0.19361494,0.28058562,0.6134709,-0.6707757,-0.53932333,-0.40582317,0.2521887,-0.2795233,-0.21090882,-0.89044225,0.2749329,1.0627571,0.8227994,0.5611998,0.57713574,-1.3378339,-0.29449782,1.8884554,0.04239246,-0.50976706,0.60973716,-1.7962726,0.6050535,0.107428856,0.2000942,-0.7951801,-0.8362656,-0.1566568,0.34208664,0.24846841,-0.01395513,-0.734127,-1.5111102,-0.22246747,1.0216695,-0.98041695,0.9501631,0.6196857,-0.8072603,1.2483606,-0.28245324,-0.792015,-0.7299011,-1.351149,0.47311777,0.010051716,-0.7812494,0.1572079,0.2727608
37,-2.7048774,2.1157866,1.662064,-0.12888901,-0.15471019,-0.28615946,-0.73483956,-0.9979806,0.8381555,0.03177807,0.2196891,-0.34251103,-1.4277776,-0.79469025,0.42862073,-1.275493,0.424114,-1.4726528,-0.74543494,-0.56258315,-2.1695378,-1.0158145,-1.0286564,-1.5804261,0.42480692,-1.5414375,-1.4621031,-1.0365853,-0.8080376,0.48963425,-0.32841286,0.437761,-0.04827995,1.7704623,1.5199845,-0.61025745,0.46114352,-1.4896765,-0.73432964,2.191529,-1.1021005,-1.0999184,1.9989376,-1.492826,-2.1838593,-1.1742696,-3.3811152,-0.39359766,-0.20307991,0.26668462,0.5315557,0.10348442,-1.0978632,-1.0123044,0.035638,-1.2732494,0.05594623,0.5100199,-0.190107,0.29411197,-0.7606272,0.26900223,-0.23014438,0.20268938
78,-1.1277227,-0.54437536,1.5572177,1.1054993,-1.1924042,-0.58146286,-0.14609684,-3.1052027,2.363743,0.90336764,0.7966731,-0.5975823,-0.4604413,-0.99667263,0.82183254,-1.1175951,-2.2356448,1.1967322,1.217342,0.016712878,-1.2937357,-0.4884463,-0.8021873,-1.7742351,-0.5044011,0.53762436,-0.5160742,0.23071106,0.89862716,-0.7710564,-0.6464691,0.48613936,0.39323828,-0.48815957,0.5212595,-1.0622983,1.377117,-0.41379443,0.16735137,-0.3454203,-1.8899093,-0.8087103,-0.832444,0.69387394,-0.3524292,-0.0823336,-2.4136178,-0.82909113,-1.9838054,-0.49628797,0.8077686,0.69003475,0.47246867,-0.9458166,0.9056932,-1.1387093,-0.5108291,0.50853455,0.17718202,0.08039343,0.70506394,0.047406953,-1.2416676,-0.14117587
45,0.59330744,-0.12645942,0.4747339,0.18212172,-0.9296418,-1.7679964,-0.20777977,-0.6781119,0.86962706,0.44823846,-0.74719006,-1.2905732,-0.8277052,1.4576309,-0.34100085,-0.061749168,-0.8990792,-0.1118964,-0.4195086,0.48859924,-1.450293,0.26370952,-0.24102144,1.5894067,-2.3416455,0.35732585,0.42166042,0.25119314,0.9433962,-1.630859,-1.503211,0.6397752,1.3080117,-0.3229047,-1.2270702,-0.44558355,-0.062602326,-0.6402583,0.7421606,-1.096407,-0.58683044,0.6751164,-0.35257843,-0.3938974,-0.3775187,-1.2148542,-1.2235773,-0.3793707,-0.9014543,-0.2891398,-0.07795215,-0.03756797,-0.1689191,-1.006824,1.2684093,0.24500266,-0.9748518,0.6609318,-0.7227606,-0.6253133,0.693836,-1.1225734,0.12680787,0.8612472
32,-1.0543488,1.9184351,0.18370037,1.1571357,-1.9450841,-0.49623072,0.8615485,-2.823569,2.4377022,0.7672589,2.2410188,-1.0672116,0.5840566,-2.132304,-1.4686587,-2.0942366,-0.33578095,-0.30526966,0.67719346,1.0226256,-1.2673036,-0.5616495,-1.0754281,-2.704064,-0.9925101,-0.5327586,0.2744146,0.53321207,1.9561344,-0.94459546,-0.96681416,2.1576586,0.08291939,0.6326051,1.0493362,-0.78400683,-0.369414,-0.46385515,1.5970964,0.5573822,-0.7286749,-0.0069760485,-0.4642224,-0.7933268,-2.3168476,0.5737629,-2.326368,-2.1407127,0.07792336,-1.5168568,0.75461125,-0.61826515,0.019112453,0.014654385,0.18766506,-1.8863245,-1.7996863,-0.19295548,0.20482849,0.35736412,1.7637389,-0.16170263,0.5174289,-1.0395757
12,-0.66921717,1.7629367,0.2834606,1.6876571,0.12817438,-1.2874258,-0.15390189,-0.98420537,1.2635909,-1.0940974,0.6018153,-0.32959178,-0.7782968,0.19435504,0.67786247,-0.038967546,0.20758913,0.65229404,0.14233285,1.1185325,-0.3310107,-1.1265128,0.04603638,-1.2472519,-0.34593996,-0.6077453,1.830822,0.6070825,0.19515511,0.17592028,-2.0085917,0.98185503,1.8895702,0.5028033,0.7164929,-0.29683626,-1.238531,0.101232044,0.23356955,0.45294222,0.035495903,-1.2891896,-0.67889506,0.64572936,0.32792467,0.26696575,-1.4096857,-1.072925,0.52693653,1.953583,-0.33285826,0.5166108,-0.5466393,-0.7894827,1.0052162,-0.71836466,-0.27216738,-1.1356101,-1.3916748,1.6218808,-0.33113602,-1.7004997,0.408189,0.29565483
11,-0.8393155,1.816811,0.27223307,1.167525,-0.2076828,-0.4565838,0.10878991,-1.8215318,0.9436115,-0.61494976,0.04711079,-0.85301757,-0.62315345,-0.15536274,0.3790366,-0.62712866,-0.16448891,0.42112213,0.60499895,1.072594,-0.8729088,-0.9195665,0.121946506,-1.0689787,0.090833984,-0.41692415,0.7582376,-0.2353104,0.17003018,-0.73737985,-1.3355407,1.2322383,0.6772923,0.8480837,1.026413,-0.65620977,0.094792925,-0.5152858,-0.27220684,0.56712776,-0.30624917,-0.8146695,-0.14087741,0.25534552,-0.13402125,0.07947961,-1.512836,-1.1118755,0.16637662,0.99596065,0.07947992,-0.29386014,-0.8763691,-0.8756452,0.661203,-1.0609258,-0.44476074,-0.6546784,-0.68859273,0.81772083,-0.46788573,-1.0088938,0.3972591,0.10416078
72,-0.30146328,-0.023105469,-0.044217706,-0.123199776,-0.31800577,-0.41208872,-0.2924661,-0.11163673,0.048418958,0.25455844,0.31085163,-0.5889296,0.0879861,0.33880204,0.05404505,-0.4785052,-0.35072264,-0.14691994,-0.14381966,0.009428873,-0.5168532,-0.21606529,-0.39891127,0.1297667,-0.3368238,-0.09828825,-0.04191918,0.1233713,0.08656713,-0.5256392,-0.50533277,0.10730102,0.15631248,0.099281,-0.0730042,0.17614816,-0.12769842,-0.59480226,0.2679051,-0.21342945,0.028600171,0.34734955,0.15514664,-0.15804096,-0.31510988,-0.09578098,-0.867645,-0.26243973,-0.028629914,-0.13021816,-0.052221823,0.13838917,-0.062474158,-0.2626731,0.18613459,-0.2610141,-0.07040099,0.35893488,-0.04045254,0.12763229,0.015980607,-0.1640651,-0.17404452,0.14446954
1,-0.39269912,0.2886325,-0.2785638,-0.63423437,-0.58602864,-1.2911725,-0.35784048,-0.1336193,0.28898066,0.67946464,0.584821,-1.4189712,0.15414353,0.88233197,0.17846732,-0.9038776,-0.81302696,-0.27182138,-0.5169475,-0.16927952,-1.4004114,-0.2749902,-1.0732293,0.3253766,-0.82576376,0.0025156534,-0.05414315,0.29780787,0.24372417,-1.2726685,-1.0701202,0.18175581,0.100135475,0.36183614,-0.23282284,0.54092747,-0.38725597,-1.37661,0.48985824,-0.4102886,-0.11649945,0.7875757,0.5002412,-0.57445693,-0.5262173,-0.34330577,-2.1007469,-0.73814315,0.012874384,0.040280294,-0.39703694,0.3845112,0.084967285,-0.6396349,0.5150822,-0.8792337,-0.19307496,0.6280671,-0.24401514,-0.052159425,-0.06599733,-0.21332322,-0.4668596,0.1513566
33,-0.07680309,0.014606502,-0.04292988,-0.08627324,-0.088080265,-0.16146602,-0.086270936,-0.05896193,-0.0063992664,0.11196027,0.033129144,-0.1879751,0.05678516,0.11389189,-0.031847555,-0.12241746,-0.08562689,-0.0489141,-0.120033145,-0.04623237,-0.16854227,-0.012778697,-0.13142061,0.026981402,-0.11221077,0.0024814596,-0.09874058,0.016210882,0.025793063,-0.17931564,-0.1278872,0.024882127,-0.013967465,0.021233805,-0.012842887,0.051396567,-0.027918551,-0.18465969,0.054452345,-0.017846223,-0.07236588,0.14856529,0.06273414,-0.098407105,-0.089923866,-0.107570305,-0.248088,-0.111369625,0.006835647,-0.08753223,-0.064141236,-0.0019545334,0.0031499928,-0.09675527,0.07609494,-0.11694785,-0.063889846,0.08512411,0.06671162,-0.058000598,0.0050457264,-0.02446369,-0.03690408,0.05970532
91,-0.7141322,0.5610039,1.5155398,0.86765885,-0.43048337,0.18919864,-1.8632892,-1.3974923,-0.4579843,0.35681146,0.17210877,-0.54593986,-0.8780955,-0.93995255,-0.17269187,-0.3864739,-0.30530432,0.46853438,0.3511242,0.29916897,-1.0854192,-1.1137516,-1.6163762,-0.75784576,0.4036558,-1.468189,0.30325767,0.3515115,0.73959833,-0.81034434,-0.17505889,0.61581904,0.37955314,1.8704382,0.23317038,0.9175946,0.08249405,0.110013604,-0.11625589,0.7699282,-0.68275595,0.32840383,0.7640209,-0.4155757,-1.6524827,0.20239301,-1.3916525,-0.79416984,1.0049173,-0.5103934,0.31256086,0.8741617,-0.634811,-1.0359682,-0.45831922,-1.0286168,-0.98481673,0.63621753,0.39230722,-0.052461002,0.27599913,-0.83165544,0.21671738,-0.8430762
90,-0.71866226,0.5276179,1.6510639,0.8881247,-0.4617597,-0.007757419,-2.0006309,-1.4678708,-0.49926084,0.38615894,0.16808708,-0.60294825,-0.9146309,-0.98163843,-0.18030828,-0.448657,-0.46114922,0.57444656,0.27048218,0.1641235,-1.186406,-1.1611153,-1.8734089,-0.9368838,0.38919082,-1.5114169,0.33516198,0.43293473,0.8270369,-0.9193435,-0.20642677,0.7157647,0.3242621,1.8702117,0.1331494,0.98707855,0.001790376,0.065524995,0.050589927,0.83069783,-0.8043704,0.3988371,0.8077665,-0.47330204,-1.7361398,0.2384455,-1.5695437,-0.81872576,1.0974756,-0.5698492,0.2858673,0.9045319,-0.624707,-1.0278956,-0.47788864,-1.2173778,-1.0494794,0.6115877,0.48004866,-0.058903534,0.30717835,-0.9176692,0.12394087,-0.8624467
74,-0.34397724,0.13339354,0.11954127,-0.06790876,-0.32590604,-0.35341638,-0.2726939,-0.253943,0.27372885,0.34385738,0.36238262,-0.64553374,-0.05375765,0.25212565,-0.016975457,-0.56772244,-0.40657124,-0.17135918,-0.0651346,-0.04389188,-0.67776173,-0.24782585,-0.44758314,0.041985244,-0.3149962,-0.1502667,-0.06064009,0.08029066,0.1001931,-0.54491913,-0.5553923,0.13580753,0.1166229,0.2044135,-0.030129256,0.15301591,-0.054243688,-0.61615366,0.26681066,-0.11641299,-0.043842383,0.29979193,0.25791267,-0.12730098,-0.36875194,-0.03803564,-1.0843712,-0.32899526,-0.10829487,-0.09907022,0.021884639,0.18148957,-0.07355362,-0.32723364,0.14543395,-0.33408508,-0.14454816,0.38373005,-0.14859307,0.1522013,-0.023122733,-0.06504741,-0.13947447,0.009264292
31,-1.8991953,0.9995967,1.3784378,-0.019688925,-0.99852455,-0.42803553,0.7217019,-0.7321961,0.48812848,0.7560217,0.046035845,-0.756007,-2.108299,0.79423237,1.0490999,0.3764186,-2.5107796,-0.7139037,-0.59815025,-0.8809085,-0.5345257,-1.1000204,-1.2668555,-0.21094468,0.7519655,-0.7366789,-0.52098835,-0.49129418,0.5347367,0.2109155,-1.347992,0.9879372,-0.2549862,0.37852967,0.13480186,0.18883944,0.98028827,-0.9684231,1.430876,1.7629652,-0.2709884,-1.2563359,0.3912472,-1.3444029,-1.1750324,0.5905696,-3.4307072,-0.18451399,-1.0667804,0.17509285,1.3832512,0.36001816,0.51806694,-1.3752197,0.04443106,-0.5421343,-0.51596856,-0.37014636,-0.22974944,1.3575829,-0.39228085,-0.12592001,-1.4278615,-1.1685082
10,-0.4311375,1.262618,1.0572836,0.09682875,1.5981861,-2.2588394,0.5844499,-0.6327314,0.8764975,-0.6646817,-0.7495003,-0.33196416,-2.1661062,-0.5141209,-1.1143084,-1.0494554,-0.2978797,-0.84728265,-0.14832632,-0.40321764,-2.4206083,-1.6846026,-0.41455272,-1.6428672,-1.1492711,0.24756697,-1.1873962,-1.1962676,-0.06979929,-1.2450697,-0.99035555,1.616934,-0.4450471,-1.5980766,0.33962497,-0.20480898,0.97317606,-1.4612905,1.29723,0.9857132,-0.8408367,0.44818437,0.4944759,0.10045582,-0.0071771964,-1.3694845,-1.9828135,-1.7347058,-1.0177312,-0.11879659,-0.10258195,-0.5562958,-0.52594715,-0.6950841,1.0553068,-0.299587,0.50524026,-0.5255498,-0.013305154,1.7717923,0.033192527,-1.3315216,-0.24863023,0.8685233
85,-0.92723155,1.9004942,2.241088,0.5791102,1.513581,-0.19082098,0.53329235,0.01816677,1.208365,0.72275233,0.98328286,-0.883614,-0.8006692,-1.2859294,-0.008122642,-0.8844445,-0.932843,-0.23190627,-0.29119113,0.35598588,-1.8113256,-0.23878169,-0.3639761,0.18328355,-0.2805487,-1.0450591,-0.17151324,-0.8706445,-0.24304096,-0.609832,-1.2180005,0.43440992,0.32346436,0.9963305,1.1552513,0.06347396,0.58669996,-0.8485033,0.15579884,1.2073814,0.31450868,-0.37603274,-0.39839637,-0.64495677,-0.0002728094,-0.6378135,-2.4698052,-0.22491352,-0.6981767,0.8648534,2.1265786,0.28534353,-0.6012586,-0.27772132,1.0601544,-0.39327928,-0.0813932,1.3765962,-0.4319616,1.3842022,0.3096862,-0.24967532,-0.6035819,0.57759446
86,-1.0091733,1.8431476,2.4724388,0.55230683,1.9409921,-0.13291962,0.7703767,0.39349324,1.2381915,0.71317536,1.0121081,-0.86104,-0.8798066,-1.4811934,0.08927457,-0.70616436,-0.9433284,-0.31096125,-0.39522952,0.5727134,-1.7229578,-0.08667384,-0.23834445,0.64360774,-0.32249537,-1.1158661,-0.09726135,-1.0338455,-0.3670793,-0.51947576,-1.1301689,0.41934603,0.30412596,1.0755287,1.2905035,0.04804986,0.8102989,-0.9459762,0.12751484,1.2297975,0.6348426,-0.4493847,-0.7176571,-0.7628882,0.069354296,-0.7744227,-2.3339148,0.049183987,-0.819582,1.0395477,2.5244675,0.27876738,-0.67611796,-0.14518265,1.1101571,-0.071122624,0.0057680444,1.7418092,-0.46202025,1.4785775,0.51896816,-0.33203775,-0.7495061,0.77169555
88,-1.1971067,1.3638606,2.0756476,1.0191314,-0.5488751,-0.18697064,-0.87201726,-1.6339396,1.6485344,0.7798518,0.6608938,-1.4560729,-1.3082979,-0.61080855,-0.39574203,-1.6776431,-1.476092,-0.22827685,0.2138263,-0.78818744,-2.1830797,-0.76024616,-1.1931936,-0.9928254,-0.21852107,-0.80698013,-0.045580365,-0.31949952,0.50302154,-0.9194818,-1.6847018,0.6957142,0.43071142,0.87679607,0.17553322,-0.105658285,0.11623281,-0.8027957,0.75305146,0.94086415,-0.9215627,-0.12530942,0.8135503,-0.1267634,-1.2433163,0.2501269,-3.2182252,-0.671686,-0.7594226,-0.17553568,1.1385503,0.31714225,-0.3768405,-0.75396156,0.37380517,-0.97598773,-1.0900586,0.5973985,-0.9467371,0.77936924,-0.14501566,-0.09970051,-0.43992537,-0.48732185
73,-1.0565735,0.95261157,1.7569242,0.8919247,-0.5169098,-0.49368224,-0.78537005,-1.3551697,1.3730803,0.5983746,0.6448349,-1.2687675,-1.1513807,-0.5795302,-0.35501876,-1.359242,-1.145173,-0.1855445,0.099538736,-0.6789216,-1.7097234,-0.77980506,-0.9409241,-0.9012529,-0.12027854,-0.5389625,-0.113064215,-0.3004971,0.4660024,-0.60809404,-1.464167,0.6489101,0.38330644,0.46355405,0.20874399,-0.016238047,0.016456202,-0.77804965,0.73525083,0.6198415,-0.65886074,-0.22285478,0.4696322,-0.06929086,-1.1086456,0.18520701,-2.6508546,-0.69104344,-0.6006475,-0.13661027,0.82239467,0.23742093,-0.35180143,-0.6042188,0.29769474,-0.7513224,-0.96905696,0.51114756,-0.57673657,0.7011938,0.09037849,-0.32135537,-0.48941126,-0.22744067
14,-1.6094433,0.84036785,2.7125278,0.6827793,1.0633748,0.5396125,-0.25774637,-0.66909003,2.2920158,1.6741534,0.65475327,-0.8318892,-1.5187588,0.2926502,-0.84138334,-1.3097508,-1.8534604,0.51397675,0.061408114,-0.76259375,-2.5040138,-0.15580109,-1.0949883,0.33893225,-0.60689795,-1.678566,0.59636086,-0.054637007,0.4539922,0.09455042,-0.99008596,0.015627608,1.108757,1.6242784,-1.2054157,-0.7735939,0.50156605,-0.6681221,0.65629345,0.91514945,0.02522131,0.32103953,0.64112055,-0.10482846,-2.2357981,-0.13540974,-2.043506,-0.28038478,-1.1207073,-0.3645754,0.5754429,0.13307059,-0.7741499,-0.97339225,0.051340953,0.70970964,-1.2115166,-0.33698878,-0.5138332,0.19889098,-0.68413407,0.4019223,-0.5666941,-1.5086758
58,0.05633439,2.5353553,0.90771765,0.84552526,-0.49587741,0.41721728,-1.2138306,-2.2403605,1.7548434,0.903469,0.32982934,-0.87916684,0.06633145,-1.1279316,-0.66636556,-1.8274429,0.07817726,0.03618468,0.5046835,0.040641345,-2.397814,0.26028347,-0.38421312,-1.2095412,-0.32359195,-1.5053523,-1.7764565,-0.3761238,0.019330574,-1.7579358,-1.4286658,0.5794195,0.075220145,1.1566973,0.14127181,0.33588645,-0.20929247,-0.4152458,0.6309126,1.0534406,-1.0699309,0.42948908,1.796359,0.47838706,-0.31816667,-0.107881054,-2.7623398,-1.1464646,-1.1187284,0.70571744,0.68602484,0.5554277,-0.8828242,-0.8954796,0.2940818,-1.4639202,-1.2051651,0.7063164,-1.1344917,0.86950964,-1.054178,0.49807107,1.0234768,-1.6163253
83,-0.9019691,1.8791379,1.6307027,0.7670497,0.23509082,0.51670605,-0.23742138,-1.2360922,1.1743147,0.63654333,-0.7947766,-0.6038192,-0.7365641,0.21620266,0.67790437,-1.2509098,-1.0686864,-0.41621333,-0.16502091,-0.36798805,-2.715389,-0.6454039,-1.2471774,-1.130852,-0.009649273,-0.92239237,-0.015006457,0.35347468,0.06962688,-0.22434682,-0.8876173,0.74726343,0.2773524,1.0473957,-0.09714878,-0.5650434,-0.0055694506,-0.6820872,-0.78974646,0.74397385,-1.052275,-0.7334111,0.68013203,-0.11530864,-0.6507591,-0.17699064,-2.3304157,-0.78635365,-1.1278224,0.20720968,1.2569122,0.42849284,-0.08106354,-0.9619493,0.7779618,-1.3623964,-0.278315,0.9233016,0.09385572,-0.24446899,-1.7114466,0.24792293,-0.8519939,-0.016118538
