44,-0.6287584,-0.16105503,-0.710332,-0.59802854,0.41228062,0.08319157,0.5201215,1.6267657,-0.114790924,-0.9888655,0.47228315,-1.1168643,-0.032497846,-0.18168241,0.18003911,0.16717692,0.09957491,0.011327189,0.32265595,0.31034556,-0.6569981,-0.754707,0.23858324,0.44252485,-0.7577775,1.7085941,0.20950253,0.41915312,-0.5250879,-0.9471203,0.25475985,-0.59405583,0.65198714,0.67551976,-0.41248345,0.18320575,0.57988703,0.3899235,-0.604907,-0.45693657,0.3922483,-0.9399911,-0.89916545,-0.05770746,0.9028882,-0.2040674,0.34287885,-0.036891453,0.6720298,-0.36087552,1.3542774,-0.5471079,1.0594519,-0.13067004,-1.8142374,-0.6121557,-1.7698387,-0.93300974,-0.07970384,2.7574584,-0.19842695,-1.3170654,0.5480687,0.69010586
26,-0.33625013,-0.44689974,0.17393069,-1.2742312,0.13288008,0.20564815,-0.1995699,0.806279,-0.31631804,-1.1010901,0.74875516,-1.1200794,-0.435135,-0.31870186,0.67391485,1.255256,0.5176335,0.099348485,0.89521176,-0.008167011,0.11507473,-0.2191084,-0.2333454,-0.005210586,-0.7380597,1.6757572,-0.038884092,0.07792505,-0.76443785,0.44958475,0.57064235,-1.2087977,0.8774626,1.1195776,-0.30358243,-0.49159887,0.92913926,0.5140462,-0.21101381,-0.63894176,0.12186024,-0.95864123,-0.4420481,-1.0072365,0.6637544,0.2844965,0.35510862,-0.5195643,0.35399047,-0.64704484,0.62857443,-0.16106384,1.0743195,-0.6631617,-1.4538264,-1.1243496,-2.1850402,-0.2215401,0.20910299,2.3382294,-0.055061385,-0.48464286,1.1985601,1.4293624
33,-0.41528392,0.11223432,-0.6539401,-0.49894553,-1.2823027,-0.56062526,-0.051435255,0.42122045,0.037292693,-0.81791764,-0.08146371,-2.037704,-1.0745254,-0.4123068,1.1348102,-0.10223557,0.84166497,0.9273823,0.92876595,-0.07753344,-1.1139542,-0.9762669,-0.039261337,0.74318516,0.07902249,2.1858127,0.9831234,0.5901414,0.3509775,-0.035050914,-0.33277643,-0.85482407,0.56698525,0.13300343,-0.61752367,0.34577054,1.7001098,0.6006842,0.17718488,-0.6155334,0.04086484,-1.2520428,-2.083143,-0.44528627,0.8936517,0.45371857,-0.7402622,0.8028583,0.39229143,-0.8983932,0.6731436,-0.09217979,0.4170854,-0.1953679,-1.0050923,-1.0035305,-0.99214596,0.1068984,0.41741917,2.8500683,0.72935057,-1.4891956,0.8894678,1.4056274
40,-0.5198254,0.04913669,-0.68780446,-0.6962241,-1.2972114,-0.6169801,-0.28897518,0.70602524,0.13390656,-1.1163441,-0.1315916,-2.260077,-1.0475646,-0.53114116,1.205143,0.060259722,0.66698533,0.9289683,0.87976825,-0.068027906,-1.2666718,-1.1476076,-0.11335663,0.78693664,0.015102129,2.4040475,0.7971762,0.8897252,0.41136846,-0.18992735,-0.30542475,-1.0109228,0.5785282,0.34306479,-0.5748194,0.44075447,2.1330996,0.7422164,0.18395068,-0.569457,0.059497487,-1.3956208,-2.2425673,-0.53998435,0.9124269,0.5101432,-0.5904263,0.8503148,0.6982952,-0.9838224,1.011781,-0.3169153,0.396331,-0.11786984,-1.3224932,-1.2538747,-1.3018913,-0.09007711,0.33226538,3.5096378,0.4321286,-1.8498167,0.8723114,1.634842
17,-0.47796062,0.030457772,-0.70713353,-0.7519694,-1.2723212,-0.5983929,-0.24298501,0.72773856,-0.015943613,-1.2330034,0.008927113,-2.3322177,-1.0824845,-0.4315263,1.163563,0.17121173,0.7650796,0.8932429,0.96061534,-0.053556565,-1.2818108,-1.1716688,-0.14950907,0.8028444,-0.081829555,2.4855509,0.88569504,0.89986545,0.27962437,-0.17054303,-0.31536716,-1.102518,0.692847,0.4363083,-0.62795585,0.30740562,2.0747657,0.77010334,0.08840823,-0.6549946,0.13880032,-1.3904287,-2.2064419,-0.5917074,0.9882191,0.47124395,-0.57454354,0.80932754,0.69241136,-1.1093929,1.0295666,-0.35764414,0.56959677,-0.081078425,-1.3502185,-1.2699236,-1.5521406,-0.16094846,0.35695404,3.6882412,0.4781581,-1.8955339,1.0052395,1.7402134
19,-0.053622156,-0.4745172,0.39043367,-0.5050865,-0.8001698,-0.8201277,-1.2207775,0.56774557,0.6268217,-0.20809303,-0.47187817,-1.4914584,-1.204432,-1.0016698,1.5245326,0.34362572,0.723919,0.74448234,1.0936315,-0.3813912,-0.8429256,-0.39092687,-0.04222433,0.1216179,0.8329106,2.4689257,-0.15060823,0.6986703,0.7815101,0.77133054,-0.3730905,-1.2286501,0.61179745,0.42873284,-0.15159065,0.67658764,2.2727027,0.43650472,0.7686165,0.25654593,-0.30306014,-1.7585503,-1.6706897,-0.6623733,0.42893577,0.6141578,0.33214125,0.26280496,1.1752012,-0.31366962,0.77943206,0.20461573,-0.24007021,-0.76282287,-1.5161026,-1.296445,-1.083615,0.4940136,0.6253788,2.0297534,-0.013697573,-1.4956245,1.616632,0.9579485
38,-0.24573211,-0.7056776,0.5024033,0.27182165,-0.44838616,-1.2528056,-1.0643876,0.31801525,0.9308333,0.753976,-1.0799375,-1.7012981,-1.2150083,-1.5923918,1.1725115,0.07336536,0.37366244,0.7901184,0.75684774,5.4805423e-06,-0.7000512,0.27680758,0.2485913,0.40604386,1.4226674,2.8391013,-0.11207609,1.2710539,1.2088499,0.3896208,-0.18002512,-0.71908927,1.1210616,0.4678517,0.024986753,1.2107242,2.1015546,-0.3790667,0.9484367,0.40904745,-0.05230556,-1.679097,-1.6553836,0.21161841,0.71925575,0.6529561,-0.101348236,0.3395766,0.87468725,-0.9906595,0.6297027,0.19753882,-0.7491173,-0.9761983,-1.016062,-0.96559155,-0.4854296,0.89728856,0.9168338,1.5747548,0.09528538,-1.4437,1.6171942,0.06910453
3,-0.39620152,-0.34438387,0.28539073,-0.06565497,-0.2066839,-0.5461066,-0.45994034,0.14940144,0.9939523,0.64280623,-0.82800585,-1.4006464,-0.70380014,-1.225311,0.8144741,0.057529107,0.22536029,0.6702159,0.5121047,0.23263603,-0.05571747,0.32931194,0.056616742,0.40470532,0.84957623,2.015001,-0.050915357,0.64314604,0.8513053,0.076326974,0.4286298,-0.40525723,0.8954173,0.40454754,-0.005140264,1.0558177,1.3172636,-0.50902116,0.7735619,-0.0209551,0.05329715,-1.1567523,-1.1038717,0.23705737,0.6590158,0.6098081,-0.57549316,0.16065234,0.05895029,-0.7767702,0.27511808,0.037693106,-0.5758685,-1.0079123,-0.516539,-0.63743573,-0.053051874,0.7847584,0.62794787,1.1317948,0.23207387,-0.43490586,0.81747067,0.07737636
27,-0.28107148,-1.1781635,0.94062185,-0.2990462,-0.15032114,-0.20619814,-1.169593,0.29838696,0.5343441,0.33171594,-0.075851075,-0.8758325,-0.5320831,-0.9679256,0.82880104,0.8329971,0.82372135,0.4849308,1.5480087,0.08263391,0.15297322,0.50215536,-0.56321096,-0.19399908,0.48133004,2.467761,-0.7008933,0.32519943,0.8044349,1.3080422,0.051927958,-0.942358,0.8471183,0.6574552,0.57565737,0.45303085,0.7244356,0.03117833,0.6105923,0.14867854,0.08141617,-1.2286507,-0.51082677,-0.8562432,0.124427676,0.7771994,0.2337374,-0.35686493,0.44269565,-0.40137285,0.40594837,0.27795976,0.25660428,-1.7143108,-1.498613,-0.84257543,-1.3177304,0.7788239,1.0014156,0.20564725,0.027195532,-0.23970549,1.2338765,0.43594635
42,-0.34034625,-0.88563263,0.4580332,0.6740042,-0.619453,-0.27557465,-0.76182026,0.047611933,1.1006829,1.1506019,-0.31504434,-0.80556184,-0.27649024,-0.7616615,0.36144653,0.08516322,0.98447746,0.63491726,1.6501459,0.14637458,0.26171675,0.60104173,-0.57173485,0.06985028,0.825745,2.3453803,-0.14612997,0.13724174,1.1386694,0.9385603,-0.1314796,-0.59796876,0.5753876,0.12825485,0.71966326,0.8278392,0.012221002,-0.5486359,1.0084416,0.11649359,0.11748192,-1.0638808,-0.97437435,-0.121219,0.5362659,0.9902723,-0.66313183,0.10361962,-0.4428588,-0.46888155,0.049158856,0.16920677,0.16745085,-1.8265238,-0.8356354,-0.28892747,-0.2511507,1.4119891,0.90678626,-0.29480213,0.68959355,0.26780504,0.6954343,-0.14680967
21,-0.26454324,-0.45507753,0.28981,0.5388077,-0.78610814,-0.11837764,-0.40991554,-0.028634874,1.101863,0.84959567,-0.26835042,-0.96398854,-0.29173118,-0.60958666,0.394935,-0.12038777,1.052519,0.74571717,1.5392958,0.21207196,0.27159563,0.35841995,-0.5804449,0.21443862,0.58653206,2.1529672,0.040014375,-0.08346688,1.1610103,0.7652282,-0.016456895,-0.5272843,0.32133695,0.010477668,0.5378111,0.8906514,-0.022127748,-0.3249136,0.9021917,-0.20929183,0.19245517,-0.8530146,-1.0225114,-0.13968225,0.45242527,0.8690908,-0.88093716,0.2708753,-0.6098768,-0.39146993,0.041018028,0.19830477,0.20137174,-1.5738043,-0.67019796,-0.20437308,-0.114714235,1.3017838,0.8957994,-0.18100612,0.93988824,0.36101183,0.4189137,0.13276975
41,-0.21831019,-0.530981,0.50667226,-0.048831828,-0.07875597,-0.98270786,-0.82496023,0.016328616,0.83559215,0.8782402,-0.9040217,-1.3122727,-1.1486566,-1.2836494,0.7837949,0.3251709,0.30184862,0.60756874,0.60308635,0.016684467,-0.15306589,0.5424873,0.16305391,0.34842882,1.305409,2.0421975,-0.255155,1.0906945,0.90947163,0.32025144,0.09980993,-0.75615287,1.0897332,0.68136346,0.05860481,1.0340968,1.6587402,-0.63777965,0.8932483,0.39646706,0.054930594,-1.2694899,-1.0197787,0.42920953,0.7730883,0.5337149,-0.13766779,0.15913194,0.5678128,-0.98289067,0.3251593,-0.035556726,-0.7960815,-0.6735882,-0.46764782,-0.81160307,-0.31219217,0.8579896,0.64170957,1.3964005,-0.023515472,-0.9376113,1.5505563,-0.023637688
39,-0.5527809,-0.8372612,0.45442766,0.13193871,-0.39850748,-0.67258656,-0.8437351,-0.002693915,0.9558496,0.83262,-0.8927794,-1.0315306,-0.6440568,-1.2992963,0.8284674,0.26203057,-0.065413,0.5643828,0.49940732,0.0503196,-0.11850989,0.6063989,0.12565893,0.1720597,1.109724,1.7654316,-0.18308172,0.80066407,0.72752994,0.41901484,0.19238977,-0.32527044,0.9566449,0.36344162,0.20022169,0.81711257,1.5133706,-0.66341764,0.99274236,0.40109995,-0.23305558,-1.3293922,-1.1245612,0.090637095,0.5823715,0.9471083,-0.4281078,0.08446714,0.14041539,-0.7132037,0.1530473,-0.02047949,-0.70858073,-1.3065786,-0.4248255,-0.71166277,0.15545407,0.91017413,0.4981288,0.87066317,-0.019792976,-0.39800388,0.770601,-0.118617676
28,-0.57994634,-0.470658,0.16759098,0.36097854,-0.08907807,-0.7806138,-0.3086517,0.08781624,0.9752399,1.0573334,-1.1106726,-1.3802227,-0.7490837,-1.2410777,0.5252873,-0.2003302,0.07490079,0.67408603,0.47321284,0.39714187,-0.108190455,0.65016615,0.051573925,0.648838,1.0522857,2.0847871,-0.037601124,1.0524714,1.1717733,-0.16518466,0.31305555,-0.121388935,0.95832086,0.29654586,0.21693175,1.1687647,0.9940059,-0.8014836,0.75434726,0.14239916,0.110266924,-1.0158364,-1.0546912,0.6913665,0.69727725,0.6102452,-0.7426234,0.4107484,0.026341898,-1.0521004,0.12155722,-0.08042204,-0.8354284,-0.9745122,-0.29120448,-0.45631373,0.30293587,0.7682201,0.70969224,0.8595232,0.2457631,-0.5357826,0.7319531,-0.32220414
46,-0.26831156,0.5439023,-0.67024755,-0.8987664,-1.1224773,-0.2919483,-0.14325541,0.37539592,0.38319424,-1.1503973,0.06533198,-2.0316436,-1.0287377,-0.14680423,1.0997958,0.07220054,1.076766,0.912208,1.0643109,-0.06815264,-0.5703288,-1.1587316,-0.36523223,0.588715,-0.09678502,1.9197567,0.5239382,0.41455904,0.48484612,-0.08319333,-0.26802954,-1.2156105,0.26089808,0.33073458,-0.5780286,0.48400044,1.8161526,0.69874436,0.4013463,-0.65649664,0.15517169,-1.2069036,-1.9657247,-0.5386167,0.75678396,0.51010764,-0.73931164,0.8627381,0.4633828,-0.6826614,0.71583277,-0.40535003,0.55231625,-0.008575802,-1.0582918,-1.0741931,-1.0256011,0.122577585,0.2451566,3.0751941,0.56599045,-1.276516,0.693602,1.6261419
35,-0.48721626,-0.9277682,0.13487671,-0.2002577,-0.7030274,-0.0032528727,-1.0872929,0.6974238,0.48240158,-0.6586483,0.39179367,-1.0961843,0.14243639,-0.3591106,0.41826826,0.7635161,0.39264718,0.28102303,1.0374444,0.036931764,-0.39577717,-0.37416533,-0.5941633,-0.10335782,-0.05652597,1.9412775,-0.3063461,0.53081244,0.5182894,0.5660145,-0.46453732,-0.86522573,0.3007888,0.47543094,0.39125207,0.098092444,0.84830683,0.57693624,0.3482447,-0.04022147,0.174693,-0.82588166,-0.91263044,-0.8457268,0.21920846,0.7469475,0.04147101,0.03954049,0.47838888,-0.4779851,0.9404357,-0.44359988,0.7634259,-0.91549,-1.478767,-0.7406874,-1.4308115,0.14089395,0.4205714,1.29138,-0.26119313,-0.7568956,0.20875286,0.81766385
1,-0.67304957,-0.9295107,0.37113056,0.40963334,-0.7280042,-0.38172007,-1.1611092,-0.29515722,0.82613105,-0.009701488,-0.2089595,-1.5444833,0.032330446,-0.79610187,0.29074836,0.6414944,0.28397998,0.537532,0.7815358,0.43549785,0.30138475,0.2803558,-0.7118187,0.081087165,0.47689393,2.0099945,-0.38358104,1.0476223,1.1519793,0.4428665,-0.3373807,-0.37076357,0.6263002,0.4547245,0.57334876,0.42372397,0.948774,-0.19803229,0.8709942,-0.06008125,0.38227442,-0.6641292,-0.92600465,-0.3996646,0.28111154,1.1641177,-0.97679365,0.3509666,-0.10018595,-1.3533243,0.33994853,-0.5898781,0.32702824,-1.2400875,-0.52769697,-0.48045364,-0.43971345,0.91235965,0.7324985,0.5938382,0.043681532,-0.19290552,-0.24791147,0.2287615
49,-0.676794,-1.4463435,0.58893496,1.0166056,-0.5533824,-1.1792644,-0.08984697,-0.28954318,-0.45006925,0.7787637,-0.4442312,-1.848079,-0.86521196,-1.7483546,0.6516506,0.31583822,0.14849307,0.62506974,0.4487925,0.5064069,-1.0423338,0.69466203,0.71850216,0.5147503,0.87088925,2.9754171,1.1331707,1.0876629,0.3064387,0.6475128,-0.19117607,0.30690083,2.0359266,0.22230494,-0.2264564,0.19051933,0.9033464,-0.513499,-0.04219272,-0.27905995,0.22527497,-1.1442388,-1.3954266,-0.011002276,0.8753159,0.6622463,-0.7478685,-0.011874499,-0.03364097,-1.9241345,0.36152175,0.74561465,0.24445647,-1.4795568,-0.63341516,-0.46504724,-0.9133508,0.86265385,1.3940574,0.51448673,0.93385696,-1.034969,1.2364892,-0.2586543
14,-0.36382675,-0.90233797,0.5497231,0.6173716,-0.5350767,-0.7314035,-0.18187402,-0.5367111,-0.10599402,0.705689,-0.3538752,-1.3080457,-0.7495291,-1.184491,0.5944147,0.24947022,0.36868736,0.55292034,0.56856894,0.2792461,-0.4367937,0.5939513,0.2657477,0.31082538,0.7375062,2.0280108,0.6571954,0.62980217,0.4353714,0.73486465,-0.107800126,0.09803549,1.3511415,0.057063352,-0.061630927,0.20892861,0.6408391,-0.44992787,0.23880637,-0.21863665,0.120581515,-0.7964915,-0.9431194,-0.14651948,0.5067551,0.6838046,-0.7698779,0.037077677,-0.21562158,-1.3230175,-0.07248665,0.57764626,0.061241265,-1.1943483,-0.2192059,-0.35968292,-0.3675564,0.92747504,1.062795,0.021430641,0.75594795,-0.36828828,0.8852622,-0.14607157
31,-0.79885226,-1.5882846,0.353373,1.1048249,-0.7840131,-0.79973423,-1.3927476,0.20356478,0.30814818,-0.20978343,-0.049728632,-1.7435343,0.38274378,-1.0841074,0.10657252,0.6028798,-0.027003055,0.32957718,0.5080813,0.55428183,-0.5760822,0.063693404,-0.3689713,0.10599522,0.41723529,2.7037485,-0.06948272,1.5716695,1.0509531,0.29471233,-0.81508154,-0.08343656,0.94370997,0.43545538,0.5736105,0.21122557,0.94974667,0.033738513,0.3862529,0.014952183,0.5769737,-0.63717836,-1.1668869,-0.408356,0.346673,0.8903521,-0.599505,0.30583805,0.36621764,-1.7494562,1.0131196,-0.4645135,0.7242228,-1.2188491,-1.1100152,-0.40179482,-1.2014014,0.55726796,0.97533983,0.71843106,-0.10472026,-1.0936337,-0.22705609,-0.0035527565
10,-0.2473635,-0.9420146,0.732748,0.23782395,-1.0473517,-0.33903942,-1.5851898,-0.47456375,0.6782938,-0.2933804,0.124334514,-1.5360801,-0.1344764,-0.6962011,0.47718397,0.9933702,0.6876001,0.5400265,1.1484575,0.15551126,0.22615394,0.11839102,-0.88068295,-0.20007238,0.46254078,2.0917847,-0.35215113,0.76318663,1.1173635,1.1758435,-0.5601938,-0.792115,0.49199998,0.56187695,0.5722268,0.15053894,1.0691297,0.18956032,0.87663984,-0.09993121,0.33137003,-0.6597073,-0.8447075,-0.9146769,0.05198092,1.1316503,-0.61147183,0.16799319,0.07397402,-1.1943365,0.35829327,-0.31744194,0.54471135,-1.1370345,-0.70270383,-0.64175254,-0.98062867,1.0840297,0.9332669,0.48851228,0.16750729,-0.21846563,0.17684545,0.6722189
47,-0.05580674,-1.0447626,0.9088013,0.47337535,-0.7060368,-0.8507664,-0.49715728,-0.5238326,-0.24285111,0.6489095,-0.19026986,-1.4754766,-1.088268,-1.3354545,0.79236156,0.5571332,0.70891297,0.6275965,0.91364306,0.08206676,-0.68253016,0.5268891,0.27641168,0.18347819,0.8840523,2.4786048,0.73195356,0.56720734,0.43051597,1.3342748,-0.2673399,-0.32198033,1.4963915,0.24989544,-0.091952726,0.13520703,0.8673757,-0.1669633,0.20637146,-0.20347694,0.09203485,-1.000011,-0.9969223,-0.4635313,0.49089658,0.62445825,-0.32620284,-0.15894796,0.068463296,-1.3114134,0.086304255,0.88749707,0.14122215,-1.1696429,-0.5664562,-0.586572,-1.0234655,1.0778055,1.3401371,0.16765262,0.86528397,-0.67527604,1.6142819,0.17394903
52,-0.16483594,-0.285273,-0.01948001,-0.6086212,-1.3087997,-0.28134963,-0.7189643,-0.0012886507,0.26643366,-0.3325299,0.04203208,-1.3452133,-0.918844,-0.27782926,0.84468603,0.5028373,0.8187176,0.73743486,1.2124499,-0.36219975,-0.6218725,-0.40450248,-0.5153989,0.26623747,0.37559333,1.6035055,0.45199886,0.4260906,0.41134974,0.8597008,-0.32158104,-1.0937724,0.3928321,0.3106718,-0.019307585,0.11150669,1.3129685,0.4110386,0.5199098,-0.2104308,-0.15586431,-0.96671134,-1.278504,-0.7102366,0.5025648,0.7993604,-0.35613653,0.37588966,0.20124263,-0.63026464,0.23632793,-0.110643834,0.10937367,-0.39702666,-0.642838,-0.9952684,-0.8801512,0.51913345,0.3689757,1.8448322,0.37718168,-0.74945104,1.0172588,1.2563394
5,-0.60239905,-0.8581275,0.65541655,-0.8955905,1.0038332,0.96786255,0.124411255,1.0535107,0.79622537,-0.35250863,0.4507007,-0.60372156,0.3669921,-0.5680864,0.2907534,1.4608065,0.10489109,-0.18828233,1.1040125,0.6371597,1.1753457,0.9052185,-0.32757676,-0.29460952,-0.78584594,1.8701736,-0.71703905,-0.6474295,-0.71715087,0.34016034,1.3228846,-0.80842155,1.3153431,1.2512716,0.31103197,0.27007768,0.022702012,-0.54586893,-0.0056846533,-0.23524135,0.36852384,-1.4984474,-0.06473802,-0.54227805,0.7942722,0.85956806,-0.16505846,-1.3321676,-0.28016156,0.014132133,0.8236439,-0.48298502,1.2261695,-2.336161,-1.7536402,-0.62354344,-1.656751,-0.25163034,0.34861377,1.552482,-0.21561377,1.0021545,0.35143423,0.59254247
43,0.23698342,-0.07735042,0.6871994,-0.9866821,0.31331465,1.1656938,-0.2960804,0.8590094,1.7487764,0.16181184,0.44980407,-1.0014764,0.076960206,-0.3149529,0.25207078,0.9269196,1.2955959,0.38736993,1.9776306,0.4451157,1.0312157,0.35661668,-1.1807631,-0.025222845,-0.28733042,2.323543,-0.7028458,-0.8502602,0.7767446,0.6853635,1.0045611,-1.5632377,0.29117912,0.9032088,0.64723873,1.1025102,-0.48163524,0.016918013,0.4561591,-0.67813706,0.6450935,-0.79311025,-0.0173181,-0.36224547,0.4717471,0.47770986,-0.2974334,-0.7181782,-0.47134015,0.12852423,0.6414547,-0.30792746,0.69660765,-1.4648663,-1.5145793,-0.44388962,-1.529444,0.5303098,0.762577,0.9995864,0.44966665,0.9793268,0.72631884,1.0229319
18,-0.8463244,-0.0020150156,-0.17379807,-1.5050062,1.1593587,1.7363799,0.8344246,1.669356,2.088117,-0.091904014,0.6743028,-1.1505232,0.7900535,-0.41815224,-0.116633445,0.9627796,0.6489266,0.21381503,1.477675,0.95511675,1.6245394,0.16278374,-0.7412949,0.1235401,-1.0360678,2.290948,-0.7363613,-1.068178,-0.15045975,-0.64474446,1.927482,-1.245235,0.7657178,1.3918332,0.2640312,1.3309817,-0.568806,-0.5333911,0.25741902,-1.1338286,0.88219607,-1.1811354,-0.2084517,0.11941453,1.4127244,0.6504187,-0.788241,-0.9662384,-1.055461,0.06738829,1.1994117,-1.0206031,1.3461574,-1.922339,-1.9376022,-0.41870084,-1.5349835,0.059251178,0.06814671,2.2964132,0.1914135,1.2443914,-0.044016585,0.7389472
20,-1.1462125,0.05363961,-0.7703752,0.11963023,1.0673575,0.78069586,1.4032118,1.1457467,1.5120391,0.9164749,-0.29037327,-0.9427081,0.75975794,-0.48128766,-0.692107,-0.45797357,-0.015749725,0.24129875,0.4480091,1.2615438,0.9102965,0.51077354,-0.22881413,0.8193197,-0.4173416,1.666746,-0.06505884,-0.13255881,0.48830268,-1.6415625,1.3728868,0.2607895,0.6847876,0.37314036,0.2816008,1.4992435,-1.2156516,-1.103362,0.05252927,-0.7950221,0.88491917,-0.33751974,-0.33069,1.341031,1.235735,0.27398124,-1.4627748,-0.008180551,-1.2666614,-0.5556332,0.5429814,-0.81872183,0.4213905,-1.2701299,-0.6527839,0.41506866,0.16194122,0.07851526,0.12367868,0.8460483,0.4079051,0.7980773,-0.78129673,-0.6443253
34,-0.5915911,-0.50041765,0.68596905,-0.5632352,0.045355674,-0.03580166,-0.47112498,-1.1501834,1.05213,0.78140813,-0.13665836,-1.2788993,-0.7224319,-0.7512711,0.29206216,1.3913995,0.70889056,0.5538051,1.2080257,0.3726806,1.8187677,1.3575014,-0.6908216,0.011708508,0.68816584,1.3649529,-0.5333261,0.42943752,0.33478028,0.8550219,0.74055606,-0.9147607,1.381151,1.216982,0.37106913,0.36652365,0.71181583,-1.3327671,1.228902,-0.17066383,0.41033483,-0.96858895,-0.21981937,0.0009417448,1.0146614,1.4417586,-1.3428508,-0.28390506,-0.94840246,-1.5398049,-0.6453982,-0.6697088,0.22311665,-1.5842005,0.47498554,-0.5711698,-0.09269805,1.5358826,0.56168073,0.8575943,0.409064,1.1837009,0.71821153,0.20275916
12,-0.42929178,-0.30332482,0.5847171,-0.35779306,-0.088611595,-0.20484449,-0.48898113,-1.1417258,0.99410105,0.79479337,-0.20111834,-1.1357514,-0.8181661,-0.6943645,0.31888616,1.1264237,0.7457015,0.58434945,1.0683756,0.22804354,1.552208,1.1474273,-0.58514416,-0.008099511,0.84138215,1.1588,-0.46171686,0.46920142,0.41640574,0.8265713,0.46046582,-0.8473267,1.1453538,0.9968106,0.2798781,0.4360494,0.834657,-1.2092726,1.2584691,-0.07543648,0.31954145,-0.9096267,-0.3251247,0.069583826,0.8637432,1.3127828,-1.1491995,-0.07790336,-0.755693,-1.3745711,-0.6550189,-0.54445857,0.06779716,-1.2551514,0.5443301,-0.49415782,0.07624371,1.5366471,0.51035446,0.74265325,0.35855645,0.883629,0.74931055,0.078178726
32,-0.53549033,0.617223,-0.24896257,-0.59159255,-0.93653417,0.38491794,1.5039338,-0.7121681,1.0023816,0.9318838,-0.31512207,-3.3157408,-1.4881046,-0.5300776,-0.8964038,0.4501406,1.3514,1.4347483,1.8606558,1.0940325,0.37718496,0.6939388,-1.0027866,1.8784424,0.14548321,2.9333243,1.8998601,0.28393093,1.3515728,0.17041692,1.6113541,-0.906083,1.3284154,1.1751297,0.19477892,1.3532193,-0.9784138,-0.71762407,-0.09062626,-2.107965,1.2514527,0.1273399,-0.68976814,1.1928381,1.7172754,0.6131547,-2.4957247,0.573244,-2.2569637,-2.6294804,-0.27250925,-0.381738,-0.16418561,-0.039042972,0.63862795,-0.29877588,-1.0176511,1.1338233,1.4540465,2.6996405,2.3844025,0.5532554,1.3240614,1.6193881
13,0.3507138,0.00021112035,0.84065664,-0.71793604,-1.1150006,0.22331066,-0.4474005,-1.1197734,0.83493274,0.9712259,-0.15032645,-1.4721551,-1.409032,-0.18297544,-0.3035903,0.98830086,1.2984718,0.91969144,1.9404198,-0.07301649,0.43478623,0.85667396,-1.3051147,0.5383294,0.8262654,1.5005423,0.5254901,0.06684662,1.344326,1.8049114,0.52707165,-1.3616713,0.37295198,0.8610015,0.7621821,0.55032027,-0.399706,-0.16826242,0.5748534,-0.6918556,0.30412126,0.13072744,0.21771795,0.010892933,0.35316736,0.78501195,-0.71157974,0.058918428,-1.0566832,-1.1633066,-0.7152846,0.06477724,-0.7041863,-0.009026276,0.62111235,-0.5186603,-0.72910666,1.409631,1.150046,0.63594276,1.1800517,0.7182801,1.6856468,1.3444028
37,-0.49878684,-0.18629833,-0.36313865,-0.44211897,-0.96996015,-0.25467992,-0.24790013,0.13879815,0.2646558,-0.2684351,-0.10067906,-1.1828047,-0.71205145,-0.30001932,0.71412116,0.19064921,0.4799836,0.64340824,0.8199096,-0.11344161,-0.514702,-0.32209992,-0.2031992,0.40263873,0.26260307,1.3430395,0.4405378,0.4259127,0.291099,0.24380422,-0.1579721,-0.6698989,0.43762812,0.15702432,-0.16151516,0.2042439,1.1633257,0.18652341,0.44578278,-0.17847861,-0.1390966,-0.96501637,-1.3607862,-0.3548533,0.626237,0.72936374,-0.58745474,0.47969788,0.056207877,-0.59198964,0.2122037,-0.24148655,0.12075011,-0.49592647,-0.5296839,-0.79867613,-0.40830815,0.31106195,0.17862411,1.7825719,0.31944257,-0.67499214,0.5655069,0.86137146
9,-1.3377241,-0.059890505,-1.0740012,0.5168278,-0.17946449,-0.24005629,0.8229884,0.48633805,1.3989482,0.99574107,-0.6841275,-1.7411497,-0.08439229,-0.9533123,0.06303643,-0.7094427,0.21640672,0.8560591,0.36512795,0.8679573,0.057195928,-0.015890336,0.19491483,0.9436583,0.44925958,2.2198882,0.6110446,0.62487787,0.84674317,-1.3497137,0.48525494,0.101704605,1.0355463,0.043494113,-0.12746516,1.558491,0.41652435,-1.0569617,0.7396456,-0.5691948,0.48013026,-1.039778,-1.8372468,1.2224852,1.609084,0.8393746,-1.978321,0.76276773,-0.96170133,-1.2263191,0.4903252,-0.6740585,0.05533446,-1.2163508,-0.4701387,-0.0933691,0.58587843,0.8609066,0.1776611,1.6232793,0.71202826,-0.3082112,-0.37078348,-0.51654696
30,-0.21439624,0.44782695,-0.09396384,-0.041470133,-0.724487,0.21001093,-0.31306264,-0.27109933,1.6421809,0.12700455,-0.26343378,-1.3299487,-0.36913633,-0.29200003,0.6901221,-0.1405594,1.3037475,0.8545417,1.3705915,0.2976971,0.9018186,-0.21596748,-0.8180702,0.04437136,0.33269623,1.6345826,-0.33455694,-0.37303087,1.390398,0.27453038,-0.068779744,-0.76443976,-0.07309613,-0.13044393,0.14992204,1.1752201,0.63483155,-0.13704653,1.2815,-0.36588502,0.16614482,-1.0575815,-1.4099956,-0.27145472,0.28973886,1.1704862,-1.4212413,0.6692588,-0.51531774,-0.13681406,-0.07499991,-0.29810405,0.32772276,-1.2243526,-0.6734836,-0.3592388,0.3874619,1.2920069,0.49234697,0.39539504,0.7470512,0.4691452,-0.25308278,0.3425619
29,-0.0630665,0.6383962,0.097390965,-0.35647753,-0.36186874,0.26495612,-0.28621954,-0.4284307,1.6399078,0.17103763,-0.2291368,-1.3467395,-0.5293652,-0.31176358,0.6089348,0.10701911,1.3827714,0.8219754,1.3318983,0.32422101,1.2340155,-0.0598766,-0.8828659,0.10378942,0.36438617,1.5548062,-0.6019008,-0.30176425,1.4069674,0.25643355,0.16434002,-0.97427136,0.065792695,0.1833037,0.124560215,1.2817886,0.61688745,-0.25077742,1.2532061,-0.40528333,0.41766217,-0.9221514,-0.9651914,-0.102446385,0.33058444,0.99869335,-1.3070652,0.48478028,-0.4130287,-0.293384,-0.061624393,-0.37112114,0.23984697,-0.96751493,-0.50700223,-0.32713354,0.22341329,1.2520322,0.5926343,0.4701138,0.67626345,0.5811941,0.0035936444,0.35677952
53,-1.2454853,-0.23397252,0.12221977,-0.33516413,-0.973728,0.3137763,0.75684226,-0.78588545,0.4356258,-0.7093366,-0.3158658,-1.9036616,-0.057099245,-1.4104747,0.48193768,0.44723627,-0.73458004,0.69704545,-0.31768957,0.8261443,0.33564454,0.15592368,0.6246786,0.4026629,-0.40426153,1.0887703,1.2410765,-0.4459652,-0.3708723,-0.047118902,1.3551484,0.6960479,0.93578273,0.5876664,-0.6283922,0.18928778,1.096151,-0.22046225,0.024164846,-1.3294978,0.041743737,-0.82518286,-1.2326919,-0.41731742,0.7540118,0.991673,-1.8063518,-0.06854072,-1.4356986,-1.2157824,0.23545267,0.11048328,0.2951226,-1.2849872,0.19827966,-0.416539,0.05355435,0.53531927,0.5662795,1.6057136,1.4138149,0.72695726,-0.90445554,1.0888466
48,-1.0962601,-0.82378685,0.17303474,-0.69171655,-1.0564572,0.45187664,-0.55383366,-0.26053274,1.2708671,0.59993756,-0.25267014,-0.59568405,-0.3569994,-0.5668164,0.98650575,0.4784175,0.4340323,0.84544265,1.4126456,-0.15796515,0.636601,0.45228928,-0.74908227,-0.1561498,0.47404572,1.1746182,-0.25865486,-0.3328066,0.54836494,1.0293882,0.35158005,-0.56385434,0.32743958,0.03197418,0.49497712,0.43431333,0.8110395,-0.36849952,1.3275177,-0.038256202,-0.69811493,-1.3918061,-1.0678331,-0.80458313,0.3766483,1.8865063,-1.1023885,0.049479105,-0.76101184,0.029971093,-0.41614008,-0.21080592,-0.19817002,-2.0793183,-0.53967774,-0.9020892,0.5805676,1.22704,0.048300814,0.34386912,0.35368094,1.018702,-0.10669306,0.5724135
0,-1.6867917,-0.91654605,-0.44534895,-0.5566487,-1.2508084,0.877582,0.3064946,0.030346518,1.4058207,1.0176629,-0.2937649,-0.78568,0.21427007,-0.82306486,0.5524023,0.200549,-0.19254434,0.9108736,0.8087561,0.18204117,0.24956095,0.383891,-0.30486363,0.33945224,0.26147184,1.0183405,0.74664974,-0.6004303,0.0063959393,0.23223327,1.0588603,0.054138355,0.7099467,-0.22176476,0.18126898,0.68384075,0.37865704,-0.8020446,1.1022004,-0.55143684,-0.5902065,-1.10811,-1.415719,-0.20626955,1.1055651,1.9197623,-2.007314,-0.01371304,-1.8821912,-0.2984671,-0.30420688,-0.35120615,-0.31056917,-2.249629,-0.06925609,-0.62455004,1.0281758,1.1727376,-0.2846077,0.8850985,0.6541098,1.3379399,-0.7536511,0.34847242
25,-1.3601956,-0.72760713,-0.16343081,0.41894773,-0.0068497085,-0.14252207,0.4270802,0.014719066,0.74933136,0.7266035,-0.7498654,-1.3291382,-0.15049015,-0.9492878,0.32334134,-0.1969995,-0.08765579,0.6118368,0.68128926,0.92769384,0.52808523,0.9363924,-0.26550847,0.67217314,0.19868997,1.9626429,0.054791536,0.6550848,0.76023716,-0.3867435,0.7569809,0.48774675,1.112301,0.12879275,0.40931678,0.63145494,0.13061164,-0.957018,0.5729134,-0.29760924,0.10949907,-1.0428355,-0.99495316,0.25161535,0.684835,1.1798092,-1.6532823,0.36034325,-0.8981247,-1.1558605,-0.31075728,-0.34430903,0.0043516224,-2.0625648,-0.33377823,-0.31922024,0.57619065,0.59791774,0.5723583,0.38344863,0.5980122,0.54457176,-0.41545722,-0.2973852
15,-1.3923998,-0.5755094,-0.32445648,0.48525843,0.10262891,-0.14862649,0.5570346,0.026271505,0.8665984,0.74204516,-0.7906341,-1.3693943,-0.090464346,-0.9288309,0.28886205,-0.30159965,-0.09802066,0.60894525,0.5793262,1.0250759,0.6619352,0.9229779,-0.2337808,0.71193457,0.16073015,1.929608,0.023627684,0.69779176,0.7808432,-0.63673735,0.7630059,0.52314717,1.1155158,0.10533738,0.3704399,0.75710666,0.13363527,-1.0855542,0.651727,-0.3143878,0.20213032,-1.0376619,-1.0896086,0.43097916,0.7739358,1.173614,-1.8149654,0.45317924,-0.95598716,-1.1963168,-0.2983614,-0.48178643,0.060037978,-2.0679274,-0.25847712,-0.22632806,0.7345668,0.61071527,0.48438707,0.46457475,0.55362093,0.58618665,-0.5941418,-0.4186626
4,-1.2502426,-0.06763307,-0.7173537,0.47503418,0.03675497,-0.06897377,1.0968934,-0.015277616,0.6765381,0.62588507,-0.5706438,-1.4916908,0.075332485,-0.762869,-0.35774997,-0.4273349,-0.25468707,0.55094445,-0.03222675,1.0219982,0.3029003,0.4119247,0.12740563,0.97182745,0.015484495,1.382436,0.7603088,0.55436903,0.44232684,-1.1977698,0.8329908,0.64387023,0.96547085,0.17399718,-0.09301879,0.86885244,-0.18794933,-0.9934114,0.12576036,-0.79182,0.5652253,-0.32920396,-0.93444145,1.0285894,1.1354511,0.5798126,-1.8918269,0.5024498,-1.2261455,-1.4551737,0.06686123,-0.540509,0.07705241,-0.846439,0.22050877,0.1498022,0.5449893,0.42066807,0.2926799,1.0598955,0.81762797,0.24148613,-0.6918833,-0.3631327
7,-1.1905868,0.005506025,-0.85040534,0.61174285,-0.005741231,-0.28354555,1.2860469,0.087226525,0.5450328,0.74717665,-0.6534481,-1.7316115,-0.15384562,-0.8091417,-0.32310456,-0.61337626,-0.15712969,0.6396209,-0.03688245,1.052993,-0.01674143,0.37341434,0.26767716,1.2005707,0.11468099,1.6534504,1.0530827,0.7038662,0.48109373,-1.3748218,0.774415,0.6621378,1.1392969,0.12102869,-0.22916551,0.95166147,-0.18773139,-1.035896,0.00562188,-0.8477416,0.63139707,-0.34769756,-1.1349219,1.2460554,1.3310012,0.40405434,-1.9730368,0.62991387,-1.1817293,-1.6605041,0.09795035,-0.44918337,0.011906527,-0.68853796,0.24556385,0.15450153,0.4703385,0.35804844,0.39362723,1.3285663,0.96761847,-0.07099423,-0.4069774,-0.38012844
6,-1.4986632,-0.16657147,-0.8201052,0.64529574,0.19190277,-0.1788618,1.283242,-0.021753086,0.6756138,0.7264163,-0.6927805,-1.7763762,0.08362182,-0.89169335,-0.45578194,-0.45582542,-0.3800926,0.59231406,-0.10057317,1.3005793,0.38633588,0.61128294,0.14121807,1.1609242,-0.0008893335,1.6593103,0.80130726,0.8562326,0.5209982,-1.4897343,0.93696225,0.8302188,1.2680298,0.25860023,-0.042977594,0.922644,-0.25302267,-1.2529728,0.106529824,-0.8473367,0.7262554,-0.34762707,-1.0101346,1.2604462,1.3152076,0.63941157,-2.2182705,0.5893638,-1.354283,-1.874301,0.035340708,-0.7100523,0.11356211,-1.0390915,0.30617702,0.1893381,0.6346229,0.3993985,0.3761962,1.1995757,0.8567476,0.23102574,-0.8193292,-0.5386745
23,-0.8732053,-0.10022008,-0.3305513,0.29137805,-0.5742618,-0.4028037,0.43635738,-0.54448205,0.37859327,0.40014502,-0.7046374,-1.4640329,-0.60423934,-0.6351497,0.27513182,-0.24325882,0.08046584,0.75279,0.3881732,0.5760743,0.13806835,0.40906462,-0.1457295,0.77351743,0.3281624,1.2719359,0.65936595,0.6610984,0.67872167,-0.31815115,0.344094,0.312349,0.7929416,0.03906709,0.009228064,0.48345596,0.4678645,-0.6556725,0.4379248,-0.46866557,0.11076738,-0.6069428,-1.1122525,0.35921234,0.68332464,0.87508404,-1.6815981,0.6788415,-0.77089417,-1.3048586,-0.34342515,-0.26065394,-0.21529196,-0.84768397,0.3015247,-0.30283466,0.5917572,0.6289864,0.44758666,0.8961725,0.85729843,0.14482816,-0.22253366,0.15329126
2,-0.3710986,0.067338906,-0.030755144,0.098579586,-0.97913164,-0.38768792,0.05271723,-0.82009107,0.29055065,0.023231454,-0.3853841,-1.3668991,-0.70498246,-0.5864147,0.61512727,0.032116666,0.486312,0.7246513,0.49403313,0.21172044,0.08462839,0.0710467,-0.04272577,0.41460845,0.40395612,1.1365967,0.71328306,0.21937975,0.49812824,0.2908555,0.04248987,-0.12286038,0.59538007,0.009074531,-0.24830809,0.33069575,0.94175076,-0.2536693,0.5766147,-0.4838158,0.06558988,-0.66052455,-1.2068883,-0.14197345,0.54641145,0.80134577,-1.3426963,0.4986137,-0.60461086,-0.9958061,-0.22834677,0.060092423,0.06453666,-0.67673814,0.26123387,-0.3943801,0.2420337,0.91919595,0.54707706,0.82368433,1.0088805,0.095778905,0.12906957,0.47639084
8,-0.796934,-0.10200623,-0.34929582,0.33987424,-0.5816435,-0.28779677,0.5772762,-0.34160432,0.43846688,0.44987318,-0.5420927,-1.4694326,-0.49088544,-0.68863684,0.18441877,-0.29611075,0.19106527,0.7344866,0.43437505,0.58682936,0.009783488,0.31251293,-0.042439263,0.80072504,0.2793962,1.4427031,0.79169637,0.45144367,0.6066473,-0.3314135,0.3938405,0.25527447,0.77611285,-0.008948955,-0.06535618,0.6018372,0.27637467,-0.5865712,0.31809956,-0.58629745,0.23416178,-0.54224473,-1.1372477,0.41607717,0.7992593,0.720232,-1.6044416,0.5808642,-0.8648206,-1.2168831,-0.16635717,-0.14253205,-0.064921424,-0.82561654,0.18141513,-0.19531226,0.38250864,0.6320241,0.51982427,0.87939084,0.9799898,0.088937774,-0.09864051,0.1323464
50,-1.4586703,-0.13320775,-0.88187844,0.53633237,0.629462,-0.05533438,1.5434738,0.24472247,0.5082623,0.7635215,-0.617083,-1.6137259,0.2129201,-0.8482758,-0.6285001,-0.41613927,-0.48388055,0.40405148,-0.27327624,1.375683,0.43566695,0.6889558,0.303348,1.1981448,-0.16970797,1.543755,0.82584536,0.78097343,0.16623893,-1.7564452,1.2227082,0.86403054,1.428569,0.4116057,-0.14616908,0.9056388,-0.50250643,-1.3802743,-0.14233685,-0.89614683,0.8422901,-0.2746359,-0.7546316,1.4282701,1.4800216,0.3650019,-2.043013,0.3602083,-1.3763117,-1.8358154,0.13205089,-0.72845054,0.19709188,-0.9425088,0.25830352,0.27699578,0.4166833,0.12294618,0.27506742,1.3651061,0.7301022,0.25286484,-0.6821781,-0.652267
51,-0.5447529,0.40811872,-0.37501547,-0.035448093,-0.2034751,-0.032539517,0.5366822,-0.22453932,0.7778543,0.10966475,-0.36569187,-1.4257673,-0.41094288,-0.33487722,0.18684517,-0.21505326,0.47617677,0.65383,0.5323141,0.5888648,0.52992857,0.061888512,-0.31969392,0.61048436,0.05140137,1.2400686,0.24416924,0.256125,0.7364585,-0.4997294,0.40894938,-0.12129836,0.43622434,0.19198266,-0.09207468,0.7752706,0.29997113,-0.44071007,0.44795775,-0.6180998,0.39077622,-0.485075,-0.9299516,0.40977862,0.61742574,0.5595275,-1.4029384,0.59747005,-0.6162853,-0.87315065,-0.048244838,-0.42386156,0.12359705,-0.5361116,-0.021229329,-0.17744252,0.28807372,0.5134519,0.35094488,1.0592804,0.71128017,0.16403823,-0.23207636,0.26995915
36,-1.1629052,0.028251264,-0.6746787,0.3405164,0.14944743,-0.10318323,1.1339191,-0.09047085,0.6093572,0.5963112,-0.5762387,-1.5272542,-0.079148926,-0.7148864,-0.31590506,-0.3362308,-0.19159706,0.5572599,-0.0046676258,1.0254374,0.4205433,0.5008601,0.110987514,0.99714607,0.028672293,1.3280624,0.6752704,0.6002579,0.38750026,-1.1979839,0.8994792,0.5415208,1.0583957,0.2948832,-0.121597014,0.827773,-0.11037493,-1.0728676,0.1349485,-0.74763906,0.59615356,-0.35407618,-0.8450365,1.0493182,1.1600308,0.52293,-1.8618629,0.47015256,-1.1689811,-1.5110115,-0.018730456,-0.59019285,0.03995608,-0.7884808,0.32811058,0.0986304,0.5209746,0.3693865,0.29113525,1.2212641,0.76933104,0.27483302,-0.5250944,-0.30156913
45,-0.9170289,-0.09686454,-0.5092661,0.27006346,-0.08241374,-0.11559375,0.7977749,0.049019482,0.5468029,0.4649169,-0.43642858,-1.3675048,-0.15775739,-0.6513549,-0.09083055,-0.25816375,0.0022588219,0.54014444,0.22593218,0.75588006,0.14253218,0.30838427,0.057091817,0.7939819,0.07452337,1.4332595,0.62352043,0.46034813,0.38734838,-0.77447075,0.6154585,0.2752638,0.887383,0.19393687,-0.08980725,0.7194844,0.038515564,-0.71627676,0.1516138,-0.6286066,0.43278453,-0.46236035,-0.9197676,0.6875793,0.971008,0.51789045,-1.4753718,0.4022151,-0.8656511,-1.2005047,0.099046215,-0.38480794,0.09786891,-0.78352875,-0.0005285035,-0.05762836,0.21352187,0.38701075,0.33488798,1.1015265,0.7134359,0.06702208,-0.24624744,-0.092167586
11,-0.40959737,-0.079057254,-0.08124198,-0.006107298,-0.36138391,-0.050202377,0.27956232,-0.18116865,0.28978026,0.2098556,-0.22778106,-0.8673936,-0.31528467,-0.37274113,0.08346832,0.04287349,0.12365315,0.41526845,0.3713498,0.2994992,0.0447923,0.2176657,-0.09067371,0.4246562,0.11744733,0.86262864,0.45525554,0.16324766,0.2850674,-0.0067151645,0.3585811,-0.004345385,0.4677308,0.16579063,-0.00017934511,0.29868713,0.14816633,-0.27708745,0.16102256,-0.38934034,0.11821873,-0.31104335,-0.53116053,0.14266503,0.47849253,0.43547532,-0.8203468,0.20209962,-0.53018516,-0.6797085,-0.06582973,-0.07899723,-0.04620696,-0.45138866,0.059775744,-0.1935211,-0.0012049171,0.3650477,0.31388882,0.6711017,0.5603129,0.11872163,0.07986076,0.28775734
22,-0.24484482,-0.14107053,0.031812616,0.090368055,-0.4744777,-0.19649684,0.0026467063,-0.22193795,0.200925,0.07052104,-0.18866156,-0.8006123,-0.34606424,-0.4011227,0.3148309,0.03790381,0.2125274,0.38946962,0.3345579,0.15465169,-0.10968555,0.07554897,-0.0454917,0.24891289,0.20057973,0.8701056,0.3745108,0.18736824,0.28970644,0.17374636,0.03747691,-0.061102267,0.38977805,0.042215858,-0.05879524,0.19367675,0.42192447,-0.09554695,0.22797023,-0.25722465,0.030081224,-0.42083842,-0.66022265,-0.07624836,0.29990676,0.44026092,-0.61681765,0.21316323,-0.2417143,-0.54229593,-0.0074515534,0.046698403,0.03690721,-0.46701175,-0.08672097,-0.25161824,-0.0482053,0.39915738,0.3427417,0.49882695,0.47168583,-0.06723677,0.15529358,0.27004588
16,-0.049644917,-0.0027122188,-0.011289359,0.00086074916,-0.014664814,0.0031528412,0.03267345,-0.007477526,0.042006277,0.01613625,-0.027704801,-0.08018056,-0.018662266,-0.049790297,0.0144516295,-0.004045453,0.0055064214,0.040733922,0.0263295,0.04002244,0.029487984,0.019293908,-0.003937545,0.04306491,0.0038092602,0.079246856,0.035518818,0.009504071,0.026634797,-0.017633231,0.048331037,0.01139125,0.056560285,0.022196593,-0.0011165282,0.038389668,0.011428677,-0.046538327,0.024717987,-0.040261354,0.02618102,-0.0414689,-0.051926352,0.023172997,0.058791492,0.04368043,-0.09736569,0.012161075,-0.065371506,-0.07127442,-0.009479561,-0.023835998,0.0033420164,-0.06331468,-0.0031171455,-0.012379455,0.015166599,0.041444927,0.019934323,0.06556525,0.050122116,0.015683182,-0.014077295,0.011158069
24,-0.34647134,-0.08876299,0.059425477,-0.092045285,-0.916046,-0.056365676,-0.19429792,-0.48365074,0.4136107,-0.11283415,-0.16262305,-0.8920697,-0.37729716,-0.41493848,0.58800906,0.14920236,0.2971963,0.5807162,0.48700452,0.041699097,0.05539333,-0.07229649,-0.15465611,0.09660998,0.21085215,0.8101471,0.38201874,-0.06429402,0.34860986,0.4585725,0.02475825,-0.1761429,0.2532523,-0.034790784,-0.083821125,0.18104668,0.7827351,0.0205126,0.5312544,-0.33529583,-0.1710474,-0.6240538,-0.94341946,-0.4298872,0.23754573,0.8164003,-0.87196577,0.27465418,-0.41366306,-0.40421084,-0.07400282,0.03709915,0.044354815,-0.72329974,-0.06741967,-0.41206247,0.15830185,0.6778039,0.3138084,0.5720782,0.6118931,0.18394445,-0.0965113,0.5641477
